Rk,Player,Age,Team,Pos,G,GS,MP,PER,TS%,3PAr,FTr,ORB%,DRB%,TRB%,AST%,STL%,BLK%,TOV%,USG%,OWS,DWS,WS,WS/48,OBPM,DBPM,BPM,VORP,Awards,Player-additional
1,Brandon Ingram,28,TOR,SF,30,30,1028,15.5,.570,.283,.282,2.4,16.5,9.5,17.7,1.2,1.7,14.1,27.9,0.0,1.2,1.2,.056,0.2,-0.7,-0.6,0.4,,ingrabr01
2,Scottie Barnes,24,TOR,PF,30,30,1017,19.2,.579,.243,.234,7.2,19.2,13.2,22.7,2.0,4.9,13.8,24.0,1.1,1.7,2.8,.133,1.5,2.1,3.6,1.4,,barnesc01
3,Dyson Daniels,22,ATL,SG,30,30,1017,13.1,.507,.165,.184,7.2,13.8,10.5,22.4,2.7,1.0,16.6,16.9,0.2,1.1,1.3,.063,-2.3,0.6,-1.7,0.1,,daniedy01
4,Deni Avdija,25,POR,SF,29,29,1010,20.5,.619,.393,.609,3.2,19.2,11.0,30.1,0.9,1.5,15.1,27.8,2.5,0.8,3.3,.156,4.4,0.0,4.4,1.6,,avdijde01
5,Miles Bridges,27,CHO,PF,29,29,999,16.2,.552,.437,.276,3.2,16.7,10.0,17.1,0.8,1.3,7.6,24.9,1.4,0.5,1.9,.091,1.3,-1.5,-0.2,0.4,,bridgmi02
6,Trey Murphy III,25,NOP,SF,28,28,996,18.9,.630,.477,.274,4.2,15.7,9.8,14.8,2.3,0.6,10.5,21.6,2.1,0.6,2.7,.130,2.8,-0.7,2.2,1.0,,murphtr02
7,Cooper Flagg,19,DAL,SF,29,29,995,15.9,.556,.222,.323,3.8,15.4,9.7,16.5,1.7,2.0,11.1,23.2,0.5,1.3,1.8,.088,-0.6,0.7,0.1,0.5,,flaggco01
8,Tyrese Maxey,25,PHI,PG,25,25,995,23.4,.602,.409,.297,0.7,11.6,6.1,31.3,2.0,2.0,9.0,30.3,2.8,1.1,3.9,.189,6.2,0.8,6.9,2.2,,maxeyty01
9,Mikal Bridges,29,NYK,SF,28,28,984,18.7,.637,.443,.109,3.6,11.2,7.3,17.0,2.4,2.9,7.2,17.2,2.6,1.2,3.8,.187,3.5,1.6,5.1,1.8,,bridgmi01
10,Kon Knueppel,20,CHO,SF,29,28,983,15.5,.634,.611,.180,3.0,14.6,8.9,16.6,1.1,0.6,14.0,21.9,1.4,0.5,1.9,.092,1.8,-1.3,0.5,0.6,,knuepko01
11,Julius Randle,31,MIN,PF,29,29,980,20.4,.601,.315,.461,5.6,17.8,11.7,25.6,1.5,0.4,12.4,26.7,2.3,1.2,3.5,.174,3.0,0.2,3.3,1.3,,randlju01
12,Desmond Bane,27,ORL,SG,29,29,977,14.9,.560,.327,.230,4.0,10.5,7.3,20.6,1.1,1.2,11.2,23.6,1.1,0.9,2.0,.096,0.3,-0.4,-0.1,0.5,,banede01
13,Nikola Jokić,30,DEN,C,28,28,970,34.9,.711,.279,.414,9.8,28.7,19.8,49.2,1.9,2.2,14.7,29.5,6.1,1.5,7.6,.374,11.8,4.4,16.2,4.5,,jokicni01
14,DeMar DeRozan,36,SAC,PF,29,29,964,17.3,.604,.165,.359,1.7,9.5,5.5,16.0,2.1,0.7,6.4,20.8,1.9,0.4,2.3,.115,0.5,0.0,0.4,0.6,,derozde01
15,Amen Thompson,23,HOU,PG,26,26,964,16.8,.558,.144,.299,8.2,13.6,11.0,20.2,1.9,1.4,14.1,20.4,1.6,1.1,2.8,.138,0.6,0.5,1.1,0.7,,thompam01
16,Toumani Camara,25,POR,PF,29,29,961,9.8,.542,.657,.144,5.9,11.2,8.5,11.9,1.6,1.3,15.5,16.3,0.2,0.6,0.8,.040,-1.7,-0.7,-2.4,-0.1,,camarto01
17,Keyonte George,22,UTA,PG,28,28,958,17.9,.603,.406,.445,1.5,11.8,6.6,31.6,1.2,0.8,15.0,27.8,1.7,0.1,1.7,.086,2.5,-2.0,0.5,0.6,,georgke01
18,Pascal Siakam,31,IND,PF,28,28,955,19.5,.560,.268,.369,4.8,16.6,10.4,21.2,1.8,1.2,8.7,28.6,1.1,0.9,2.0,.102,2.6,-0.4,2.3,1.0,,siakapa01
19,Jalen Johnson,24,ATL,SF,27,27,949,23.4,.626,.253,.364,5.0,28.1,16.6,35.5,2.0,1.0,15.4,26.7,2.3,1.3,3.6,.180,4.2,1.2,5.4,1.8,,johnsja05
20,Payton Pritchard,28,BOS,PG,29,29,940,16.8,.560,.566,.145,3.7,11.0,7.4,22.8,1.2,0.2,7.5,21.5,2.2,0.6,2.8,.144,2.3,-1.0,1.3,0.8,,pritcpa01
21,Jamal Murray,28,DEN,PG,27,27,937,22.3,.634,.422,.256,1.3,12.2,7.0,27.8,1.6,0.7,10.2,27.0,2.9,0.7,3.7,.188,5.5,-1.3,4.1,1.4,,murraja01
22,Derrick White,31,BOS,SG,28,28,933,17.0,.537,.600,.172,2.5,11.4,6.9,21.9,1.9,3.9,10.0,24.4,1.2,1.0,2.3,.117,2.8,0.3,3.0,1.2,,whitede01
23,Immanuel Quickley,26,TOR,PG,29,29,932,15.5,.565,.524,.196,1.7,13.3,7.5,28.5,1.7,0.2,11.2,20.8,1.2,1.1,2.3,.116,1.2,0.2,1.4,0.8,,quickim01
24,Shai Gilgeous-Alexander,27,OKC,PG,28,28,932,33.0,.679,.258,.473,1.6,13.8,8.0,34.0,2.2,2.5,7.8,33.6,5.2,2.1,7.3,.374,10.0,3.6,13.6,3.6,,gilgesh01
25,Cade Cunningham,24,DET,PG,26,26,930,21.9,.562,.306,.344,4.0,15.3,9.7,40.5,1.9,2.1,13.7,31.0,2.0,1.5,3.4,.177,4.8,1.2,6.1,1.9,,cunnica01
26,James Harden,36,LAC,PG,26,26,926,22.3,.617,.553,.476,1.9,14.8,8.4,38.4,1.9,1.0,15.7,30.6,2.2,0.6,2.8,.146,5.5,-0.6,4.9,1.6,,hardeja01
27,Donovan Mitchell,29,CLE,SG,27,27,924,23.9,.632,.490,.287,2.7,11.8,7.1,28.0,1.8,0.8,12.0,33.2,2.4,0.8,3.2,.167,6.5,-0.5,5.9,1.9,,mitchdo01
28,Donte DiVincenzo,29,MIN,SG,29,29,919,14.1,.591,.750,.206,3.6,11.5,7.6,16.1,1.8,1.3,10.2,17.6,1.4,1.1,2.5,.128,1.1,0.6,1.7,0.9,,divindo01
29,Jalen Brunson,29,NYK,PG,26,26,916,23.0,.599,.357,.318,2.0,8.7,5.3,30.4,1.1,0.2,8.1,31.6,3.3,0.6,3.8,.201,5.6,-1.6,4.0,1.4,,brunsja01
30,Rudy Gobert,33,MIN,C,29,29,915,17.7,.700,.000,.626,13.7,24.1,19.0,8.7,0.7,4.1,15.3,13.0,2.1,1.4,3.5,.183,0.3,0.6,0.9,0.7,,goberru01
31,Nickeil Alexander-Walker,27,ATL,SG,28,23,913,15.2,.591,.488,.283,2.8,9.5,6.1,14.8,1.3,1.9,11.6,25.0,0.7,0.6,1.3,.069,0.6,-1.8,-1.2,0.2,,alexani01
32,Jaylen Brown,29,BOS,SF,27,27,911,23.8,.591,.265,.353,4.0,16.8,10.5,25.3,1.6,1.5,12.6,36.4,1.8,1.0,2.8,.150,4.8,-0.4,4.3,1.5,,brownja02
33,Onyeka Okongwu,25,ATL,C,29,18,909,15.7,.592,.424,.213,6.0,20.2,13.1,14.3,1.6,3.4,12.8,20.6,0.8,1.0,1.8,.096,-0.7,0.0,-0.7,0.3,,okongon01
34,Ryan Rollins,23,MIL,PG,29,26,907,16.4,.572,.415,.141,2.7,11.9,7.3,29.0,2.5,1.1,14.7,24.5,0.7,0.8,1.5,.079,0.6,-0.4,0.2,0.5,,rolliry01
35,Jaden McDaniels,25,MIN,PF,28,28,903,13.6,.593,.308,.209,4.2,11.6,7.9,11.9,1.6,2.4,12.3,18.9,0.9,1.1,2.0,.105,-1.1,0.5,-0.6,0.3,,mcdanja02
36,Ivica Zubac,28,LAC,C,28,28,896,19.4,.629,.000,.256,12.6,27.5,20.1,13.1,0.7,2.9,13.7,19.7,1.7,0.7,2.4,.130,1.1,-1.0,0.1,0.5,,zubaciv01
37,Devin Vassell,25,SAS,SG,28,28,894,13.8,.575,.551,.171,1.5,12.2,6.9,11.0,1.6,1.4,7.0,19.3,1.1,1.0,2.2,.115,0.3,0.2,0.5,0.6,,vassede01
38,Lauri Markkanen,28,UTA,PF,25,25,884,21.2,.607,.420,.352,6.3,15.4,10.8,10.0,1.2,1.1,5.8,28.1,2.3,0.2,2.4,.132,4.8,-2.3,2.6,1.0,,markkla01
39,Kevin Durant,37,HOU,SF,24,24,881,19.7,.635,.281,.389,0.9,14.2,7.7,16.9,1.2,2.3,13.5,26.0,2.3,0.9,3.2,.175,2.9,0.0,2.9,1.1,,duranke01
40,Josh Giddey,23,CHI,PG,26,26,871,20.2,.587,.332,.374,4.0,24.9,14.7,38.7,1.4,1.1,16.8,25.5,1.4,0.8,2.2,.123,3.1,0.3,3.4,1.2,,giddejo01
41,Alperen Şengün,23,HOU,C,24,24,867,22.2,.569,.150,.376,9.4,19.1,14.3,29.0,2.1,2.7,14.3,27.3,2.0,1.3,3.3,.184,3.8,1.8,5.6,1.6,,sengual01
42,Jabari Smith Jr.,22,HOU,PF,25,25,866,13.3,.570,.487,.228,4.9,17.6,11.4,8.0,1.0,1.9,10.0,18.2,1.2,1.0,2.2,.122,-0.4,-0.2,-0.6,0.3,,smithja05
43,Karl-Anthony Towns,30,NYK,C,26,26,861,21.3,.604,.334,.442,9.8,29.3,19.3,13.4,1.2,2.2,12.1,25.8,2.1,1.3,3.3,.186,2.6,-0.2,2.3,1.0,,townska01
44,Devin Booker,29,PHO,SG,25,25,861,19.9,.585,.312,.459,3.0,10.9,6.9,30.1,1.4,1.2,13.7,30.9,1.7,0.7,2.4,.132,2.9,-1.1,1.8,0.8,,bookede01
45,Saddiq Bey,26,NOP,SF,29,21,856,16.6,.564,.426,.264,6.5,16.6,11.4,10.9,1.6,0.2,4.7,19.7,1.5,0.4,1.9,.106,2.0,-1.7,0.3,0.5,,beysa01
46,Evan Mobley,24,CLE,PF,25,25,854,18.9,.576,.306,.394,7.9,21.9,14.7,17.9,1.3,4.4,11.9,22.7,1.2,1.1,2.3,.131,1.7,0.7,2.4,1.0,,mobleev01
47,Naji Marshall,28,DAL,SF,30,11,852,16.0,.650,.342,.440,3.4,14.3,8.9,13.7,1.8,0.3,10.2,16.9,1.7,1.0,2.7,.152,0.1,1.2,1.2,0.7,,marshna01
48,Anthony Black,22,ORL,PG,29,9,849,12.4,.539,.340,.346,2.7,12.8,7.7,16.3,2.0,1.9,14.6,21.2,-0.1,1.1,1.0,.055,-2.2,0.8,-1.4,0.1,,blackan01
49,Quentin Grimes,25,PHI,SG,26,7,844,13.4,.589,.556,.336,2.2,11.0,6.5,19.6,1.4,1.2,16.1,19.9,0.7,0.8,1.5,.084,-0.2,-0.5,-0.7,0.3,,grimequ01
50,VJ Edgecombe,20,PHI,SG,24,24,843,13.3,.537,.402,.181,5.4,11.5,8.4,16.7,1.7,1.2,10.3,19.7,0.7,0.8,1.5,.086,-0.7,0.1,-0.7,0.3,,edgecvj01
51,Russell Westbrook,37,SAC,SF,29,23,842,15.7,.521,.417,.220,5.8,21.1,13.2,37.2,2.4,0.4,19.4,24.4,-0.3,0.7,0.4,.025,0.8,0.2,1.0,0.6,,westbru01
52,Wendell Carter Jr.,26,ORL,C,28,28,842,15.1,.660,.377,.414,9.8,17.9,13.8,9.2,1.1,2.1,13.6,14.9,1.6,1.0,2.7,.152,0.1,0.7,0.8,0.6,,cartewe01
53,Harrison Barnes,33,SAS,PF,28,28,840,12.8,.620,.598,.207,3.0,8.8,5.9,9.7,1.6,0.4,10.1,15.8,1.2,0.8,2.0,.117,0.2,0.0,0.1,0.4,,barneha02
54,Myles Turner,29,MIL,C,29,29,839,14.0,.582,.625,.305,4.3,17.3,10.8,8.3,1.3,5.0,8.5,17.9,0.7,0.9,1.6,.092,-0.5,0.0,-0.5,0.3,,turnemy01
55,Brandin Podziemski,22,GSW,SG,30,11,834,13.4,.582,.500,.231,2.7,14.8,8.8,17.8,2.0,0.6,13.1,18.5,0.7,1.1,1.8,.103,-0.7,0.8,0.1,0.4,,podzibr01
56,Cameron Johnson,29,DEN,SF,27,27,833,11.3,.605,.517,.244,2.9,10.0,6.6,9.4,1.0,0.9,9.3,15.0,1.1,0.5,1.6,.092,-0.5,-1.5,-2.0,0.0,,johnsca02
57,CJ McCollum,34,WAS,SG,27,27,833,15.2,.569,.482,.195,2.0,9.1,5.6,17.9,1.2,0.6,8.6,24.5,0.8,-0.2,0.7,.038,0.9,-2.8,-1.9,0.0,,mccolcj01
58,Jaime Jaquez Jr.,24,MIA,SF,28,1,830,15.2,.568,.136,.278,4.7,14.6,9.7,23.3,1.1,0.7,14.0,22.2,0.7,0.9,1.6,.092,-0.5,0.4,-0.1,0.4,,jaqueja01
59,Royce O'Neale,32,PHO,SF,28,23,829,11.3,.587,.809,.050,2.9,17.4,10.0,12.9,2.2,0.7,15.2,14.7,0.5,0.9,1.4,.082,-0.5,0.7,0.2,0.5,,onealro01
60,Rui Hachimura,27,LAL,PF,25,25,823,11.6,.646,.427,.149,2.9,10.5,6.8,3.7,0.8,0.7,7.9,14.6,1.1,0.3,1.4,.079,-0.3,-2.1,-2.4,-0.1,,hachiru01
61,Davion Mitchell,27,MIA,PG,27,27,822,13.2,.587,.341,.168,1.3,7.5,4.4,32.6,1.8,0.2,15.1,13.5,1.3,0.8,2.2,.128,-1.2,0.9,-0.3,0.4,,mitchda01
62,Max Christie,22,DAL,SG,29,21,817,11.7,.652,.649,.216,0.8,11.0,6.0,9.3,0.8,1.3,10.6,14.6,0.9,0.7,1.7,.099,-0.2,0.1,-0.2,0.4,,chrisma02
63,Nic Claxton,26,BRK,C,27,27,817,19.4,.606,.044,.456,9.9,19.8,14.6,23.7,1.1,4.0,12.0,18.0,1.9,0.9,2.8,.164,1.4,1.4,2.8,1.0,,claxtni01
64,Jimmy Butler,36,GSW,SF,26,26,816,23.5,.651,.171,.639,7.4,11.4,9.4,24.0,2.2,0.8,8.5,22.4,3.3,1.0,4.3,.254,5.0,1.1,6.0,1.7,,butleji01
65,Duncan Robinson,31,DET,SF,27,27,815,11.2,.604,.801,.179,1.2,9.2,5.2,8.5,1.3,1.0,6.2,14.4,1.3,0.9,2.2,.129,-0.3,0.1,-0.2,0.4,,robindu01
66,Andrew Wiggins,30,MIA,SF,25,25,814,13.5,.556,.350,.184,4.9,10.0,7.5,12.4,1.5,3.1,10.9,20.2,0.3,1.0,1.3,.074,-0.6,0.5,-0.1,0.4,,wiggian01
67,Nikola Vučević,35,CHI,C,27,27,813,17.3,.570,.367,.114,8.2,24.0,16.2,17.0,1.3,1.2,10.2,21.5,1.0,0.7,1.7,.098,1.1,-0.7,0.3,0.5,,vucevni01
68,Jeremiah Fears,19,NOP,PG,30,28,812,13.3,.526,.245,.258,2.8,11.6,7.0,17.4,2.4,0.5,13.7,25.4,-0.4,0.4,0.0,.002,-2.0,-1.4,-3.4,-0.3,,fearsje01
69,Jaren Jackson Jr.,26,MEM,C,27,27,802,14.3,.572,.330,.295,3.0,15.7,9.4,10.9,1.5,3.8,11.6,24.4,0.1,1.1,1.2,.072,-1.5,0.7,-0.8,0.2,,jacksja02
70,Franz Wagner,24,ORL,SF,24,24,801,20.4,.600,.262,.429,4.8,15.3,10.0,17.4,1.7,1.0,8.6,25.9,1.8,0.9,2.8,.167,3.1,0.4,3.6,1.1,,wagnefr01
71,Kyshawn George,22,WAS,SF,25,25,800,13.5,.590,.481,.225,2.9,15.9,9.4,23.3,1.7,2.5,19.7,21.0,0.1,0.2,0.4,.023,-0.9,-0.6,-1.5,0.1,,georgky01
72,Gary Trent Jr.,27,MIL,SG,29,17,799,8.1,.535,.693,.124,0.6,5.0,2.8,8.1,1.5,0.2,7.7,15.8,-0.1,0.3,0.2,.014,-3.1,-1.5,-4.6,-0.5,,trentga02
73,P.J. Washington,27,DAL,PF,25,25,798,13.6,.543,.349,.283,5.3,20.4,13.0,9.7,1.5,3.5,14.5,22.2,-0.5,1.3,0.8,.045,-1.8,0.9,-0.9,0.2,,washipj01
74,Jaylen Wells,22,MEM,SG,29,29,793,11.6,.555,.507,.285,3.7,10.4,7.1,8.7,1.6,0.2,8.0,18.4,0.5,0.7,1.3,.076,-2.0,-0.3,-2.3,-0.1,,wellsja01
75,Jerami Grant,31,POR,PF,26,14,789,16.4,.603,.466,.458,4.0,10.5,7.2,13.6,1.1,1.8,11.7,24.6,1.5,0.4,1.9,.115,1.8,-1.3,0.5,0.5,,grantje01
76,Matas Buzelis,21,CHI,PF,28,28,788,14.5,.605,.436,.270,4.1,15.5,9.9,7.7,1.5,4.2,12.9,20.0,0.4,0.7,1.1,.068,-1.6,-0.4,-1.9,0.0,,buzelma01
77,Cedric Coward,22,MEM,SG,29,16,787,14.7,.576,.431,.273,5.8,18.5,12.2,16.2,1.0,1.2,11.9,20.3,0.8,0.9,1.6,.099,0.1,0.0,0.0,0.4,,cowarce01
78,Santi Aldama,25,MEM,PF,29,5,786,16.5,.562,.409,.216,6.1,19.8,12.9,16.1,1.6,2.3,8.8,20.2,0.8,1.1,1.9,.115,1.2,0.9,2.1,0.8,,aldamsa01
79,Collin Gillespie,26,PHO,PG,28,9,782,16.0,.584,.625,.134,4.0,12.2,8.0,24.6,2.2,1.1,13.9,19.7,1.2,0.8,2.0,.122,2.4,0.4,2.7,0.9,,gilleco01
80,Julian Champagnie,24,SAS,SF,28,17,781,12.4,.593,.759,.224,3.4,17.7,10.6,7.2,1.7,1.4,10.1,14.9,0.8,1.1,1.8,.113,0.0,0.4,0.4,0.5,,champju02
81,Josh Hart,30,NYK,SF,26,12,780,17.0,.618,.445,.191,6.1,23.2,14.5,22.3,2.3,1.0,17.2,16.6,1.5,1.1,2.6,.159,1.9,1.8,3.7,1.1,,hartjo01
82,Derik Queen,21,NOP,C,30,18,778,17.4,.578,.079,.387,6.6,22.9,14.5,23.3,1.8,3.2,17.0,22.1,0.7,0.7,1.4,.086,-0.8,0.8,0.0,0.4,,queende01
83,Cason Wallace,22,OKC,SG,28,26,778,11.3,.540,.562,.085,3.0,8.4,5.8,10.5,4.1,0.8,11.5,13.1,0.2,1.9,2.1,.133,-2.7,3.9,1.2,0.6,,wallaca01
84,Naz Reid,26,MIN,C,29,0,775,16.0,.575,.553,.126,4.6,20.5,12.6,13.6,2.0,2.8,11.1,21.5,0.6,1.3,1.9,.116,0.7,1.2,1.9,0.8,,reidna01
85,Austin Reaves,27,LAL,SG,21,21,775,23.4,.665,.452,.542,2.5,14.8,8.8,28.4,1.4,0.5,13.8,28.2,2.7,0.5,3.2,.196,5.3,-1.0,4.4,1.3,,reaveau01
86,Luka Dončić,26,LAL,PG,21,21,768,28.1,.605,.463,.529,2.8,24.0,13.8,41.0,2.1,1.4,12.9,38.1,2.4,0.9,3.3,.203,7.4,0.6,8.0,2.0,,doncilu01
87,Anthony Edwards,24,MIN,SG,22,22,764,22.2,.621,.414,.377,2.6,13.7,8.2,18.7,1.7,2.2,11.3,31.2,1.6,1.0,2.5,.159,5.1,0.2,5.4,1.4,,edwaran01
88,Noah Clowney,21,BRK,PF,27,21,761,11.9,.581,.672,.392,3.2,13.7,8.2,10.3,1.1,2.8,13.4,20.3,0.3,0.6,0.9,.057,-1.4,-0.6,-2.0,0.0,,clownno01
89,John Collins,28,LAC,PF,28,19,759,13.1,.587,.309,.238,5.6,14.7,10.2,4.6,1.6,2.3,12.6,19.7,0.2,0.5,0.7,.045,-2.0,-1.2,-3.2,-0.2,,collijo01
90,Ajay Mitchell,23,OKC,SG,29,7,756,17.1,.577,.287,.299,2.9,11.8,7.6,19.4,2.7,1.1,11.2,22.8,1.0,1.7,2.7,.168,0.0,1.8,1.8,0.7,,mitchaj01
91,Michael Porter Jr.,27,BRK,SF,23,23,755,21.7,.623,.491,.236,3.9,22.8,13.0,19.6,1.2,0.6,9.9,29.9,1.4,0.7,2.1,.132,5.4,-0.7,4.7,1.3,,portemi01
92,Zach LaVine,30,SAC,SG,23,23,754,14.4,.618,.475,.245,0.9,9.5,5.1,10.8,1.1,0.5,12.0,24.0,0.5,0.1,0.6,.040,0.2,-2.2,-2.0,0.0,,lavinza01
93,Sion James,23,CHO,SG,29,14,753,8.1,.571,.617,.286,1.8,12.2,7.1,7.8,1.3,1.5,13.5,11.1,0.3,0.4,0.7,.045,-3.4,-0.1,-3.4,-0.3,,jamessi01
94,Bub Carrington,20,WAS,PG,27,11,751,7.9,.522,.537,.178,1.4,12.5,7.0,20.8,0.8,0.5,19.8,16.0,-0.3,-0.1,-0.5,-0.031,-3.3,-2.4,-5.7,-0.7,,carrica01
95,Norman Powell,32,MIA,SG,24,24,750,19.4,.629,.435,.377,1.3,11.2,6.3,12.3,1.9,0.7,8.9,27.5,1.4,0.9,2.3,.144,2.8,0.4,3.2,1.0,,powelno01
96,Jalen Duren,22,DET,C,26,26,749,24.0,.671,.000,.544,16.3,25.2,20.8,9.2,1.5,3.3,14.0,22.4,2.2,1.4,3.6,.231,2.7,0.3,3.0,1.0,,durenja01
97,Kris Dunn,31,LAC,PG,28,22,748,11.6,.605,.449,.174,3.6,8.7,6.2,16.1,2.8,0.6,17.3,13.6,0.6,0.5,1.1,.068,-2.2,0.8,-1.4,0.1,,dunnkr01
98,A.J. Green,26,MIL,SG,26,26,743,10.9,.698,.915,.132,0.3,10.7,5.5,9.8,0.9,0.4,10.3,13.2,1.1,0.3,1.4,.088,-0.6,-1.2,-1.9,0.0,,greenaj01
99,De'Andre Hunter,28,CLE,SF,26,23,738,12.7,.571,.513,.304,2.7,14.0,8.2,10.7,1.1,0.4,10.4,22.1,0.6,0.6,1.1,.074,-1.6,-1.6,-3.2,-0.2,,huntede01
100,Shaedon Sharpe,22,POR,SG,25,19,731,16.5,.556,.339,.275,4.4,12.3,8.2,14.9,2.5,0.6,13.7,31.4,-0.1,0.6,0.5,.036,0.5,-1.1,-0.6,0.3,,sharpsh01
101,Tim Hardaway Jr.,33,DEN,SG,28,2,718,13.5,.632,.664,.186,1.0,8.1,4.7,7.2,1.0,0.3,4.2,17.1,1.4,0.4,1.7,.115,1.3,-1.9,-0.7,0.2,,hardati02
102,Bam Adebayo,28,MIA,C,23,23,718,17.2,.566,.318,.343,5.3,25.3,15.5,11.0,1.4,2.6,10.6,23.8,0.4,1.2,1.6,.108,0.3,0.9,1.3,0.6,,adebaba01
103,Jarace Walker,22,IND,PF,29,12,717,7.4,.469,.525,.255,2.1,19.1,10.2,11.7,1.1,1.5,15.7,19.7,-1.2,0.6,-0.6,-0.037,-4.3,-1.0,-5.3,-0.6,,walkeja02
104,Kel'el Ware,21,MIA,C,29,19,714,21.4,.661,.302,.238,14.3,30.2,22.4,3.3,1.6,5.1,10.2,17.5,1.6,1.5,3.1,.209,2.5,0.7,3.2,0.9,,wareke01
105,Kyle Kuzma,30,MIL,PF,27,13,712,14.6,.594,.266,.322,3.9,16.7,10.4,12.6,1.4,1.8,12.9,21.7,0.4,0.6,1.0,.070,-1.6,-0.8,-2.5,-0.1,,kuzmaky01
106,Moses Moody,23,GSW,SG,28,17,698,12.9,.581,.669,.215,4.0,10.4,7.2,9.7,1.8,2.6,9.5,18.3,0.6,0.9,1.5,.102,-0.2,0.3,0.0,0.4,,moodymo01
107,Jaylon Tyson,23,CLE,SG,25,19,698,15.3,.640,.459,.159,6.9,14.0,10.4,9.9,1.8,2.0,10.7,16.5,1.2,0.7,2.0,.135,0.2,0.0,0.2,0.4,,tysonja01
108,Anfernee Simons,26,BOS,SG,29,0,690,13.9,.565,.562,.150,1.6,8.2,4.9,14.0,1.0,0.6,7.7,22.6,1.0,0.4,1.4,.098,0.4,-1.4,-1.0,0.2,,simonan01
109,Chet Holmgren,23,OKC,PF,24,24,689,21.3,.672,.314,.341,5.7,23.2,14.9,8.3,1.0,5.2,11.7,23.6,1.5,1.7,3.2,.222,2.2,1.5,3.7,1.0,,holmgch01
110,Svi Mykhailiuk,28,UTA,SF,27,27,685,10.4,.625,.677,.051,2.8,8.0,5.4,10.8,0.9,0.4,10.2,13.5,0.7,-0.1,0.6,.042,-0.3,-1.7,-1.9,0.0,,mykhasv01
111,Bruce Brown,29,DEN,SG,28,1,683,10.1,.532,.260,.220,5.2,13.5,9.6,10.0,1.9,0.9,12.1,13.6,0.4,0.7,1.0,.073,-2.6,-0.2,-2.7,-0.1,,brownbr01
112,Peyton Watson,23,DEN,SF,26,16,683,14.3,.614,.358,.294,5.1,14.7,10.2,7.9,1.6,3.9,11.9,16.4,0.8,0.8,1.6,.109,-0.3,-0.1,-0.4,0.3,,watsope01
113,Kris Murray,25,POR,SF,27,5,680,8.3,.521,.430,.200,7.4,9.3,8.3,5.5,2.1,1.3,14.0,10.0,0.2,0.5,0.7,.046,-3.0,0.3,-2.7,-0.1,,murrakr01
114,Dillon Brooks,30,PHO,SF,22,22,680,14.9,.562,.415,.225,2.9,9.0,5.9,9.8,2.1,0.3,10.5,29.2,0.2,0.6,0.8,.054,-0.6,-1.3,-1.8,0.0,,brookdi01
115,Deandre Ayton,27,LAL,C,23,23,676,19.8,.710,.000,.165,12.0,23.3,17.8,4.7,1.3,3.4,15.4,18.6,1.3,0.7,2.0,.143,0.5,-1.0,-0.5,0.3,,aytonde01
116,Jake LaRavia,24,LAL,PF,27,8,675,12.2,.551,.434,.280,6.8,12.6,9.8,10.6,2.4,1.3,11.3,15.3,0.6,0.6,1.1,.081,-1.3,0.0,-1.3,0.1,,laravja01
117,Ace Bailey,19,UTA,SF,28,19,674,9.9,.525,.453,.112,6.1,8.6,7.4,10.0,1.4,1.4,11.1,19.1,-0.1,0.1,-0.1,-0.004,-2.4,-2.2,-4.6,-0.4,,baileac01
118,Reed Sheppard,21,HOU,SG,26,4,671,17.4,.599,.582,.107,1.5,11.7,6.7,18.7,3.0,2.1,10.1,20.1,1.5,1.0,2.5,.177,2.8,2.2,5.0,1.2,,sheppre01
119,Zaccharie Risacher,20,ATL,SF,27,27,667,12.0,.547,.458,.138,3.8,8.8,6.3,8.9,2.0,1.9,8.0,18.8,0.2,0.5,0.7,.049,-2.4,-0.9,-3.3,-0.2,,risacza01
120,Ausar Thompson,23,DET,SF,25,24,666,15.8,.541,.068,.366,8.7,15.6,12.2,14.7,2.8,2.8,12.5,19.0,0.5,1.2,1.7,.125,-0.4,2.1,1.6,0.6,,thompau01
121,Ryan Kalkbrenner,24,CHO,C,26,25,665,17.1,.792,.016,.385,11.6,17.0,14.3,3.5,1.3,6.1,17.4,10.9,1.4,0.7,2.1,.149,-0.5,0.8,0.3,0.4,,kalkbry01
122,Bobby Portis,30,MIL,PF,29,3,664,15.7,.585,.387,.088,5.9,24.4,15.3,8.7,1.2,0.6,9.4,22.6,0.3,0.6,0.9,.068,0.5,-1.8,-1.3,0.1,,portibo01
123,Stephen Curry,37,GSW,PG,21,21,664,23.7,.642,.618,.270,1.6,12.9,7.2,25.6,2.0,1.4,12.0,33.8,1.4,0.9,2.3,.166,7.0,-0.2,6.8,1.5,,curryst01
124,Neemias Queta,26,BOS,C,27,27,663,20.3,.665,.017,.320,13.9,21.6,17.8,9.1,1.4,5.0,9.8,14.6,1.9,1.0,2.9,.211,1.1,0.9,2.0,0.7,,quetane01
125,Andrew Nembhard,26,IND,PG,21,21,662,15.1,.556,.358,.347,1.2,6.5,3.7,33.1,1.2,0.4,12.4,24.0,0.7,0.3,1.0,.074,0.9,-2.2,-1.4,0.1,,nembhan01
126,Terance Mann,29,BRK,SG,25,25,657,11.9,.571,.417,.226,5.9,9.5,7.6,21.0,1.4,0.7,12.3,13.8,0.9,0.4,1.4,.099,-1.6,-0.1,-1.7,0.1,,mannte01
127,Keldon Johnson,26,SAS,SF,28,0,651,19.7,.659,.311,.311,10.4,20.3,15.4,9.9,1.4,0.4,8.9,18.9,1.9,0.8,2.7,.198,2.7,-0.2,2.5,0.7,,johnske04
128,Donovan Clingan,21,POR,C,25,25,651,19.6,.587,.338,.338,18.1,24.3,21.1,9.8,1.1,5.3,8.6,15.0,1.6,0.8,2.4,.175,2.0,-0.2,1.8,0.6,,clingdo01
129,Draymond Green,35,GSW,PF,24,24,649,9.1,.517,.591,.148,3.3,21.0,12.2,26.3,1.6,2.9,28.6,17.0,-0.7,1.0,0.3,.024,-3.6,2.0,-1.6,0.1,,greendr01
130,Jose Alvarado,27,NOP,PG,29,0,648,12.0,.567,.642,.103,2.1,11.9,6.9,19.8,2.2,0.6,14.8,16.1,0.4,0.3,0.7,.054,-1.2,-0.5,-1.7,0.0,,alvarjo01
131,Jock Landale,30,MEM,C,29,14,648,16.2,.599,.332,.231,12.1,15.7,13.9,11.0,1.2,1.9,10.3,18.7,1.0,0.7,1.8,.130,0.6,-0.3,0.2,0.4,,landajo01
132,Jusuf Nurkić,31,UTA,C,26,21,645,13.9,.508,.191,.366,10.7,31.5,20.9,23.3,2.6,1.3,22.4,18.4,-0.3,0.7,0.4,.031,-2.5,1.3,-1.2,0.1,,nurkiju01
133,Kentavious Caldwell-Pope,32,MEM,SG,29,13,643,10.7,.536,.518,.234,2.0,9.5,5.8,20.9,1.7,0.7,15.5,16.6,0.2,0.6,0.8,.058,-1.9,0.2,-1.7,0.1,,caldwke01
134,Dean Wade,29,CLE,PF,28,7,642,9.8,.528,.741,.215,4.1,15.4,9.6,8.8,1.5,1.9,4.5,9.9,0.6,0.7,1.3,.096,-2.1,0.6,-1.5,0.1,,wadede01
135,De'Aaron Fox,28,SAS,PG,20,20,639,20.1,.598,.377,.307,2.9,10.2,6.6,29.6,2.1,0.8,13.6,28.3,1.2,0.8,2.0,.150,3.2,-0.1,3.1,0.8,,foxde01
136,Cam Spencer,25,MEM,SG,28,3,637,18.1,.694,.643,.225,1.5,9.3,5.4,28.6,1.6,0.3,13.2,18.7,1.7,0.6,2.3,.175,3.7,0.4,4.0,1.0,,spencca01
137,Dennis Schröder,32,SAC,PG,22,12,636,13.3,.524,.404,.252,2.0,12.4,7.1,30.1,1.2,0.6,13.7,21.5,0.2,0.2,0.4,.028,-0.2,-1.5,-1.7,0.0,,schrode01
138,Sam Hauser,28,BOS,PF,29,5,635,9.4,.514,.875,.021,3.2,14.4,8.8,8.1,1.3,1.3,8.1,14.3,0.3,0.6,0.9,.065,-0.9,-0.5,-1.4,0.1,,hausesa01
139,Paolo Banchero,23,ORL,PF,19,19,621,17.5,.547,.262,.576,3.2,25.8,14.4,21.0,0.8,1.9,12.1,27.7,0.5,0.8,1.3,.099,0.9,0.8,1.7,0.6,,banchpa01
140,Herbert Jones,27,NOP,SF,22,22,616,10.3,.517,.464,.165,4.0,10.7,7.2,11.4,2.9,1.1,12.2,16.0,0.0,0.4,0.4,.031,-3.1,0.1,-3.0,-0.2,,joneshe01
141,Kyle Filipowski,22,UTA,C,27,10,615,13.5,.574,.374,.328,7.7,22.7,15.1,13.4,1.0,2.0,12.5,17.0,0.6,0.3,0.9,.069,-1.2,-0.8,-2.0,0.0,,filipky01
142,Moussa Diabaté,24,CHO,C,28,2,613,18.3,.640,.000,.593,18.0,21.5,19.7,7.4,1.8,3.7,11.4,13.1,1.5,0.7,2.2,.173,-0.2,-0.2,-0.4,0.3,,diabamo01
143,Klay Thompson,35,DAL,SF,28,8,611,9.8,.508,.732,.070,1.4,10.6,6.1,9.1,0.8,1.1,7.8,22.9,-0.5,0.5,0.0,.001,-0.9,-1.6,-2.4,-0.1,,thompkl01
144,Vit Krejci,25,ATL,PG,26,1,609,12.7,.697,.801,.133,2.0,8.9,5.5,9.2,1.5,1.1,9.9,14.6,0.9,0.4,1.3,.103,-0.1,-0.9,-1.0,0.1,,krejcvi01
145,Jamal Shead,23,TOR,PG,30,1,606,12.3,.490,.558,.262,2.2,8.5,5.4,34.4,2.6,0.5,16.2,16.1,0.4,0.7,1.2,.093,-1.6,0.6,-1.1,0.1,,sheadja01
146,Tre Jones,26,CHI,PG,22,11,604,17.6,.633,.200,.549,2.3,8.8,5.6,25.5,2.8,0.9,13.2,17.2,1.4,0.4,1.9,.149,0.0,0.8,0.7,0.4,,jonestr01
147,Tristan Da Silva,24,ORL,SF,26,10,602,11.7,.558,.537,.126,3.8,14.7,9.2,7.0,1.7,0.9,10.0,17.4,0.2,0.7,0.9,.071,-0.8,0.2,-0.6,0.2,,dasiltr01
148,OG Anunoby,28,NYK,PF,19,19,599,14.7,.591,.507,.225,4.5,13.5,8.9,8.5,2.8,2.4,13.8,20.3,0.4,0.8,1.2,.098,0.1,0.6,0.7,0.4,,anunoog01
149,Kawhi Leonard,34,LAC,SF,18,18,596,23.8,.598,.336,.271,3.9,17.2,10.7,18.1,3.0,1.3,8.4,30.5,1.2,0.6,1.8,.144,4.6,0.2,4.8,1.0,,leonaka01
150,Sandro Mamukelashvili,26,TOR,C,29,4,593,17.3,.636,.427,.244,8.0,16.9,12.5,11.2,1.4,2.5,10.3,18.9,1.1,0.8,1.9,.150,1.4,0.1,1.5,0.5,,mamuksa01
151,Isaiah Stewart,24,DET,C,26,7,592,16.1,.623,.339,.317,9.8,19.6,14.7,6.7,0.5,8.5,13.3,16.5,0.9,1.0,1.9,.156,-0.7,1.4,0.7,0.4,,stewais01
152,Brandon Williams,26,DAL,PG,27,9,591,13.2,.494,.309,.369,2.5,9.6,6.1,27.3,2.8,1.0,15.0,24.2,-0.4,0.8,0.4,.030,-2.7,0.7,-2.0,0.0,,willibr03
153,Bennedict Mathurin,23,IND,SF,18,18,591,13.1,.576,.462,.375,2.9,16.1,9.2,10.3,1.1,0.6,13.1,23.8,0.1,0.4,0.6,.046,-1.1,-1.6,-2.7,-0.1,,mathube01
154,Ron Holland,20,DET,SF,28,5,588,11.1,.499,.362,.267,4.8,14.6,9.7,9.5,3.4,1.0,13.6,18.8,-0.2,1.1,0.9,.073,-3.7,1.7,-2.0,0.0,,hollaro01
155,Mark Williams,24,PHO,C,24,21,588,23.1,.702,.006,.469,13.4,23.9,18.5,6.7,2.6,3.4,10.0,17.1,1.9,1.0,2.9,.233,2.3,0.9,3.2,0.8,,willima07
156,Ayo Dosunmu,26,CHI,SG,22,7,587,15.4,.645,.388,.251,1.7,8.2,5.0,16.4,1.0,0.7,10.3,19.9,1.1,0.1,1.2,.099,0.6,-1.7,-1.0,0.1,,dosunay01
157,Egor Dёmin,19,BRK,PG,25,18,584,10.4,.525,.675,.092,2.3,13.9,7.8,22.2,1.9,1.3,17.4,19.1,-0.3,0.5,0.2,.020,-2.1,0.0,-2.1,0.0,,demineg01
158,Josh Okogie,27,HOU,SG,26,20,580,11.9,.605,.533,.274,7.5,8.2,7.9,6.1,2.8,1.0,13.2,12.4,0.8,0.7,1.5,.122,-0.9,1.4,0.5,0.3,,okogijo01
159,Stephon Castle,21,SAS,PG,19,19,580,18.4,.595,.321,.523,5.0,14.9,10.0,34.2,2.1,1.1,20.0,26.3,0.7,0.8,1.5,.125,1.2,0.7,1.8,0.6,,castlst01
160,Isaiah Hartenstein,27,OKC,C,21,21,576,20.2,.664,.025,.325,14.6,26.9,21.1,15.6,2.1,3.0,19.4,17.0,1.3,1.6,2.8,.236,1.0,2.6,3.6,0.8,,harteis01
161,Andre Drummond,32,PHI,C,26,13,570,17.9,.594,.250,.306,16.8,30.5,23.5,6.2,1.4,4.1,11.4,13.5,1.1,1.0,2.1,.173,0.6,0.0,0.6,0.4,,drumman01
162,Quinten Post,25,GSW,PF,30,16,568,13.1,.542,.651,.086,6.5,19.2,12.9,12.3,1.4,2.8,9.6,17.8,0.3,0.9,1.2,.100,-0.7,0.9,0.2,0.3,,postqu01
163,Jay Huff,27,IND,C,29,13,568,14.9,.551,.696,.199,5.7,16.5,10.9,9.6,0.6,11.2,9.6,16.9,0.3,0.8,1.1,.094,-1.4,2.0,0.7,0.4,,huffja01
164,Grayson Allen,30,PHO,SG,18,18,559,15.2,.584,.638,.194,1.8,8.3,5.0,19.4,2.6,0.7,11.0,21.2,0.8,0.5,1.3,.113,0.8,0.1,0.9,0.4,,allengr01
165,Jordan Clarkson,33,NYK,SG,28,0,558,11.0,.550,.481,.185,4.8,6.2,5.5,10.7,1.0,0.9,12.2,21.6,0.2,0.3,0.6,.049,-2.0,-2.2,-4.2,-0.3,,clarkjo01
166,Luguentz Dort,26,OKC,SF,20,20,558,7.7,.500,.724,.105,4.1,10.0,7.2,5.1,1.5,2.0,7.0,13.2,0.0,1.1,1.1,.094,-3.0,1.0,-2.0,0.0,,dortlu01
167,Malik Monk,27,SAC,SG,24,0,555,14.0,.560,.433,.198,1.8,8.2,4.9,15.6,1.6,1.8,9.1,22.6,0.3,0.2,0.5,.040,0.3,-1.0,-0.7,0.2,,monkma01
168,Lonzo Ball,28,CLE,PG,23,3,549,10.0,.430,.809,.128,4.6,16.0,10.1,25.2,2.8,1.0,21.2,14.2,-0.2,0.7,0.5,.041,-2.9,1.1,-1.7,0.0,,balllo01
169,Kevin Huerter,27,CHI,SF,23,8,549,14.5,.594,.531,.152,2.2,12.0,7.2,14.3,1.9,2.3,11.2,20.3,0.4,0.4,0.8,.070,-0.4,-0.2,-0.6,0.2,,huertke01
170,Ben Sheppard,24,IND,SG,22,11,549,7.3,.460,.599,.129,3.3,14.5,8.6,11.1,1.2,0.5,8.8,13.0,-0.2,0.4,0.2,.019,-4.0,-0.4,-4.4,-0.4,,sheppbe01
171,Tobias Harris,33,DET,PF,19,19,547,13.2,.548,.380,.279,4.2,14.5,9.4,12.0,1.0,1.1,7.5,18.8,0.7,0.7,1.4,.124,0.0,-0.1,-0.1,0.3,,harrito02
172,Luke Kennard,29,ATL,SG,27,0,544,11.3,.654,.621,.189,2.5,7.9,5.2,13.9,1.8,0.2,14.9,12.9,0.7,0.3,1.0,.086,-1.3,-0.6,-1.9,0.0,,kennalu01
173,Simone Fontecchio,30,MIA,SF,28,1,543,11.2,.552,.708,.219,2.5,13.2,8.0,12.0,0.9,0.8,10.1,20.1,0.1,0.6,0.7,.062,-0.7,-0.4,-1.0,0.1,,fontesi01
174,LaMelo Ball,24,CHO,PG,19,19,540,18.6,.524,.511,.204,4.0,18.1,11.1,50.6,1.9,0.8,15.8,32.4,0.5,0.4,0.9,.079,2.8,-1.2,1.6,0.5,,ballla01
175,Miles McBride,25,NYK,SG,20,9,539,12.9,.606,.685,.133,2.8,7.7,5.2,12.0,1.2,0.9,7.3,16.1,1.0,0.4,1.4,.122,1.3,-0.4,0.8,0.4,,mcbrimi01
176,Ziaire Williams,24,BRK,SF,24,2,538,9.4,.547,.721,.250,3.3,10.2,6.6,4.7,1.9,2.0,12.0,17.3,-0.1,0.5,0.3,.029,-3.3,-0.6,-3.9,-0.3,,willizi02
177,Jalen Suggs,24,ORL,PG,21,21,538,18.6,.603,.533,.271,3.3,12.7,8.0,28.5,3.5,1.9,17.5,25.2,0.6,0.9,1.4,.128,1.9,2.5,4.4,0.9,,suggsja01
178,Keegan Murray,25,SAC,PF,14,13,536,12.8,.519,.377,.171,5.2,14.7,9.8,5.7,1.9,3.9,7.4,18.3,-0.1,0.4,0.3,.031,-1.8,-0.3,-2.1,0.0,,murrake02
179,Javonte Green,32,DET,SG,29,3,535,11.7,.543,.517,.305,4.3,12.0,8.1,6.0,3.3,1.8,10.5,14.5,0.3,1.0,1.3,.112,-2.4,2.1,-0.3,0.2,,greenja02
180,Patrick Williams,24,CHI,PF,27,1,535,8.9,.507,.532,.193,4.5,12.3,8.5,8.0,1.9,1.1,11.9,16.3,-0.2,0.3,0.1,.009,-3.0,-1.1,-4.1,-0.3,,willipa01
181,Nicolas Batum,37,LAC,PF,27,2,533,7.6,.570,.951,.068,2.9,13.2,8.1,5.1,2.1,2.1,15.2,10.3,0.0,0.4,0.4,.035,-2.7,0.4,-2.2,0.0,,batumni01
182,Tyrese Martin,26,BRK,SG,26,6,531,11.0,.496,.576,.111,5.4,12.8,8.9,18.3,1.7,0.5,11.9,19.1,-0.1,0.4,0.3,.027,-1.7,-1.0,-2.7,-0.1,,martity01
183,Jakob Poeltl,30,TOR,C,21,21,531,16.4,.691,.000,.370,12.1,22.1,17.1,11.9,1.5,2.1,18.3,14.5,0.9,0.8,1.7,.155,-0.9,1.0,0.1,0.3,,poeltja01
184,Isaiah Jackson,24,IND,C,29,14,530,16.5,.626,.000,.437,13.9,20.4,17.0,7.0,1.9,4.0,16.3,16.0,0.7,0.7,1.4,.131,-2.4,0.2,-2.3,0.0,,jacksis01
185,Collin Sexton,27,CHO,SG,21,10,530,16.4,.615,.316,.404,2.0,8.1,5.1,26.7,1.4,0.7,16.4,25.0,0.8,0.2,1.0,.091,0.6,-1.6,-1.0,0.1,,sextoco01
186,RJ Barrett,25,TOR,SF,17,17,526,17.7,.604,.367,.338,2.6,14.9,8.7,18.7,1.3,0.8,8.7,24.2,0.9,0.6,1.5,.134,1.3,-0.7,0.5,0.3,,barrerj01
187,Pelle Larsson,24,MIA,SG,24,16,525,11.6,.569,.463,.338,2.2,9.4,5.9,18.8,1.1,0.9,12.0,16.3,0.5,0.5,1.0,.092,-1.8,0.5,-1.3,0.1,,larsspe01
188,Alex Sarr,20,WAS,C,18,18,525,21.4,.565,.218,.222,9.0,21.1,15.0,18.3,1.2,5.7,10.1,26.8,0.5,0.3,0.8,.075,2.8,-0.6,2.2,0.6,,sarral01
189,Jordan Goodwin,27,PHO,PG,25,2,524,14.0,.514,.483,.079,9.3,12.8,11.0,13.6,3.4,0.9,12.1,19.1,0.2,0.7,0.9,.081,-0.2,1.0,0.9,0.4,,goodwjo01
190,Buddy Hield,33,GSW,SG,29,3,520,10.9,.544,.655,.091,4.2,10.8,7.5,12.6,2.1,0.3,13.5,19.2,-0.1,0.6,0.6,.052,-2.2,-0.1,-2.2,0.0,,hieldbu01
191,Ryan Dunn,23,PHO,SF,23,11,519,12.5,.529,.399,.135,8.6,15.7,12.0,11.6,2.8,2.6,14.2,14.8,0.2,0.7,1.0,.088,-2.1,1.3,-0.8,0.2,,dunnry01
192,Oso Ighodaro,23,PHO,PF,28,5,512,10.6,.568,.009,.236,6.5,19.3,12.7,12.7,2.3,2.8,22.9,12.9,0.0,0.7,0.7,.062,-4.3,1.9,-2.3,0.0,,ighodos01
193,Josh Minott,23,BOS,PF,28,10,508,15.7,.650,.554,.200,8.3,16.5,12.4,8.3,2.3,2.2,11.3,13.5,1.1,0.7,1.7,.163,0.9,1.0,1.9,0.5,,minotjo01
194,Dru Smith,28,MIA,SG,29,1,503,14.7,.528,.431,.301,5.2,9.4,7.4,21.6,4.0,1.6,13.5,16.3,0.4,0.9,1.3,.121,-1.2,3.7,2.5,0.6,,smithdr01
195,Jordan Walsh,21,BOS,PF,24,16,503,16.5,.701,.398,.239,8.4,18.2,13.3,6.0,2.8,3.0,11.4,12.1,1.2,0.8,2.0,.186,0.0,1.7,1.8,0.5,,walshjo01
196,Luke Kornet,30,SAS,C,20,15,501,17.6,.693,.000,.510,13.5,15.8,14.6,10.1,0.7,5.0,9.3,10.8,1.6,0.7,2.2,.214,1.2,1.3,2.5,0.6,,kornelu01
197,Victor Wembanyama,22,SAS,C,16,12,497,27.0,.614,.255,.399,7.3,35.5,21.6,19.4,1.4,9.5,14.5,31.4,0.8,1.2,2.1,.199,3.9,3.9,7.9,1.2,,wembavi01
198,Mouhamed Gueye,23,ATL,PF,30,3,495,11.3,.546,.429,.164,7.4,15.7,11.6,6.6,1.6,3.9,11.2,14.3,0.1,0.5,0.6,.063,-3.2,-0.1,-3.3,-0.2,,gueyemo02
199,Giannis Antetokounmpo,31,MIL,PF,17,17,495,35.1,.669,.078,.568,13.1,26.5,19.9,43.6,1.6,3.2,13.2,37.7,2.2,0.6,2.8,.275,8.7,2.2,10.9,1.6,,antetgi01
200,Marcus Smart,31,LAL,SG,18,12,494,10.7,.560,.671,.262,2.9,8.0,5.6,13.2,2.6,1.4,16.1,17.3,0.1,0.4,0.5,.051,-2.4,0.2,-2.3,0.0,,smartma01
201,Jarrett Allen,27,CLE,C,19,19,492,20.2,.638,.023,.445,9.0,22.1,15.4,11.5,1.8,3.4,12.7,19.9,1.0,0.7,1.7,.165,0.7,0.5,1.2,0.4,,allenja01
202,Isaac Okoro,25,CHI,SG,20,20,491,9.9,.590,.449,.162,5.3,5.7,5.5,7.5,1.1,1.9,9.3,13.6,0.4,0.2,0.6,.058,-2.9,-1.3,-4.2,-0.3,,okorois01
203,Sidy Cissoko,21,POR,SF,24,10,489,6.2,.519,.588,.286,4.1,7.9,5.9,9.3,1.2,0.7,16.3,13.0,-0.1,0.2,0.1,.015,-4.6,-1.0,-5.6,-0.4,,cissosi01
204,Mike Conley,38,MIN,PG,25,5,483,10.7,.551,.704,.269,2.3,8.8,5.6,21.8,1.5,0.9,12.3,12.0,0.7,0.5,1.2,.117,-1.3,0.7,-0.6,0.2,,conlemi01
205,Vince Williams Jr.,25,MEM,PG,22,11,481,9.9,.452,.566,.181,4.0,16.5,10.2,30.7,1.8,2.4,20.8,19.5,-0.5,0.6,0.1,.011,-2.6,1.5,-1.1,0.1,,willivi01
206,Dominick Barlow,22,PHI,PF,18,15,478,14.1,.608,.269,.286,8.4,14.4,11.3,9.7,1.5,3.4,12.4,13.3,0.7,0.6,1.3,.126,-1.0,0.8,-0.1,0.2,,barlodo01
207,Gradey Dick,22,TOR,SG,30,0,474,9.8,.532,.551,.253,2.8,10.1,6.5,5.4,2.0,0.6,7.9,17.1,0.0,0.5,0.6,.058,-3.4,-0.2,-3.6,-0.2,,dickgr01
208,Will Richard,23,GSW,SG,25,12,472,14.5,.693,.603,.267,6.0,9.6,7.8,8.1,2.3,0.2,10.4,14.6,0.9,0.6,1.5,.155,-0.1,1.0,0.9,0.3,,richawi02
209,Caris LeVert,31,DET,SG,23,0,472,12.1,.551,.478,.308,1.6,7.8,4.7,18.4,1.8,2.3,14.2,18.1,0.3,0.6,0.9,.090,-0.7,0.6,-0.1,0.2,,leverca01
210,Goga Bitadze,26,ORL,C,28,0,468,20.1,.733,.085,.447,12.2,21.0,16.6,11.2,2.1,6.8,13.1,11.5,1.3,0.9,2.2,.228,0.9,3.5,4.4,0.8,,bitadgo01
211,Tre Johnson,19,WAS,SG,20,4,467,11.2,.570,.534,.143,2.5,11.7,7.1,8.8,0.9,1.7,12.6,20.6,0.0,-0.1,-0.1,-0.010,-0.9,-2.6,-3.5,-0.2,,johnstr03
212,Keon Ellis,26,SAC,SG,27,2,458,9.2,.524,.721,.180,2.1,7.0,4.5,5.5,3.6,2.2,9.0,13.4,-0.1,0.4,0.3,.030,-3.6,1.9,-1.7,0.0,,elliske01
213,Jaylin Williams,23,OKC,PF,25,3,458,11.0,.501,.823,.234,3.3,23.8,14.1,16.5,1.8,2.7,15.5,15.2,0.0,1.2,1.1,.117,-1.9,2.4,0.5,0.3,,willija07
214,Steven Adams,32,HOU,C,21,5,458,17.1,.541,.000,.543,24.0,21.5,22.7,8.4,1.6,2.9,15.9,12.5,0.9,0.7,1.6,.163,0.8,-0.3,0.6,0.3,,adamsst01
215,Ja'Kobe Walter,21,TOR,SG,27,7,452,9.4,.562,.636,.165,4.7,8.2,6.4,6.1,2.8,0.9,11.6,13.8,0.1,0.6,0.7,.072,-3.2,1.3,-1.9,0.0,,walteja01
216,Isaiah Joe,26,OKC,SG,20,0,452,15.8,.670,.811,.250,3.1,10.6,7.0,9.3,1.3,0.9,9.5,19.2,1.0,0.8,1.8,.191,2.2,-0.1,2.1,0.5,,joeis01
217,Brice Sensabaugh,22,UTA,SF,27,1,448,13.4,.564,.601,.222,4.3,13.2,8.7,11.0,1.8,1.1,9.2,21.9,0.3,0.1,0.4,.048,-0.4,-1.8,-2.3,0.0,,sensabr01
218,D'Angelo Russell,29,DAL,PG,23,3,448,12.2,.510,.493,.287,1.9,11.3,6.7,31.3,1.2,0.4,16.3,26.4,-0.4,0.4,0.0,.004,-1.1,-1.3,-2.4,0.0,,russeda01
219,Jonathan Kuminga,23,GSW,PF,18,13,446,10.9,.518,.276,.298,6.8,20.1,13.5,15.8,0.5,1.2,17.7,23.5,-0.4,0.5,0.1,.012,-3.5,-1.2,-4.7,-0.3,,kuminjo01
220,Collin Murray-Boyles,20,TOR,PF,25,4,443,13.3,.617,.234,.266,10.7,11.1,10.9,11.2,1.6,2.0,16.3,15.9,0.5,0.5,1.0,.106,-1.5,0.3,-1.2,0.1,,murraco01
221,Nique Clifford,23,SAC,SG,25,3,441,6.4,.469,.443,.191,3.7,14.0,8.7,10.5,1.3,1.4,15.0,14.1,-0.4,0.2,-0.2,-0.023,-5.3,-0.6,-5.9,-0.4,,cliffni01
222,Isaiah Collier,21,UTA,PG,20,1,441,12.6,.572,.184,.588,1.0,9.2,5.0,38.6,1.3,1.3,22.2,17.1,0.4,0.0,0.5,.050,-1.7,-2.0,-3.7,-0.2,,colliis01
223,Maxime Raynaud,22,SAC,C,21,7,437,14.7,.576,.110,.282,8.9,22.2,15.4,6.9,1.1,2.1,11.6,20.1,0.3,0.3,0.6,.060,-2.1,-1.3,-3.4,-0.1,,raynama01
224,Khris Middleton,34,WAS,SF,17,17,435,11.6,.547,.297,.207,4.6,12.1,8.4,19.6,1.4,1.2,15.9,18.1,0.1,0.0,0.1,.012,-2.5,-1.8,-4.2,-0.2,,middlkh01
225,Spencer Jones,24,DEN,SF,24,13,432,9.8,.633,.547,.233,7.2,6.2,6.7,5.6,2.1,1.3,12.1,10.7,0.5,0.4,0.9,.098,-2.1,-0.3,-2.3,0.0,,jonessp01
226,Anthony Davis,32,DAL,PF,14,14,432,23.5,.559,.121,.217,12.2,26.9,19.7,17.1,1.8,4.4,9.3,28.2,0.4,0.8,1.3,.141,2.8,1.0,3.8,0.6,,davisan02
227,Precious Achiuwa,26,SAC,C,22,9,427,14.2,.542,.134,.370,10.1,19.2,14.5,7.0,1.7,1.9,6.3,15.7,0.4,0.3,0.7,.077,-1.2,-0.6,-1.8,0.0,,achiupr01
228,Marvin Bagley III,26,WAS,PF,22,7,427,20.0,.653,.082,.333,14.7,15.5,15.1,13.1,1.2,3.1,12.9,19.0,1.0,0.1,1.1,.127,1.5,-1.3,0.2,0.2,,baglema01
229,Tyus Jones,29,ORL,PG,29,4,425,8.3,.451,.635,.071,1.3,5.2,3.2,18.7,2.4,0.4,10.2,9.6,0.2,0.4,0.6,.065,-2.9,1.6,-1.3,0.1,,jonesty01
230,Jaxson Hayes,25,LAL,C,24,4,424,16.0,.766,.013,.519,9.4,17.9,13.8,7.7,0.9,3.7,12.1,10.9,1.1,0.3,1.5,.166,0.0,0.1,0.0,0.2,,hayesja02
231,Darius Garland,26,CLE,PG,14,14,424,14.5,.529,.457,.252,2.7,8.4,5.5,32.7,1.3,0.4,14.6,26.6,0.2,0.3,0.5,.059,0.1,-2.7,-2.6,-0.1,,garlada01
232,Day'Ron Sharpe,24,BRK,C,26,0,420,18.3,.643,.179,.598,13.6,25.3,19.2,19.9,2.6,2.8,23.7,19.0,0.5,0.6,1.1,.129,-0.9,1.8,1.0,0.3,,sharpda01
233,Kelly Oubre Jr.,30,PHI,SF,12,12,418,13.7,.606,.450,.255,3.5,12.3,7.8,5.7,1.5,2.1,9.8,18.3,0.4,0.4,0.8,.097,-0.7,-0.2,-0.9,0.1,,oubreke01
234,Craig Porter Jr.,25,CLE,PG,26,0,414,15.9,.606,.333,.152,9.1,11.0,10.0,19.0,3.0,3.1,15.9,12.5,0.7,0.5,1.3,.145,0.7,2.2,2.9,0.5,,portecr01
235,Tre Mann,24,CHO,PG,20,1,406,7.8,.453,.497,.078,5.1,11.4,8.3,19.9,1.5,0.6,15.6,24.4,-0.7,0.2,-0.5,-0.057,-4.2,-2.0,-6.3,-0.4,,manntr01
236,Zion Williamson,25,NOP,PF,14,10,405,22.7,.598,.015,.648,8.9,13.2,11.0,20.9,2.0,1.5,12.8,29.7,0.8,0.2,1.0,.121,3.4,-0.9,2.4,0.5,,willizi01
237,Jrue Holiday,35,POR,PG,12,12,401,17.0,.565,.512,.151,4.2,13.0,8.4,37.7,2.2,0.6,16.5,21.1,0.6,0.3,0.9,.113,2.6,-0.2,2.4,0.5,,holidjr01
238,Daniel Gafford,27,DAL,C,19,13,400,16.4,.661,.000,.560,10.2,19.3,14.9,7.8,2.0,5.9,19.8,14.9,0.5,0.7,1.2,.144,-2.5,2.6,0.2,0.2,,gaffoda01
239,Cole Anthony,25,MIL,PG,25,0,399,10.9,.476,.297,.128,2.9,16.4,9.8,36.6,2.1,2.0,21.6,25.6,-0.7,0.4,-0.3,-0.031,-4.1,-0.4,-4.5,-0.3,,anthoco01
240,Justin Edwards,22,PHI,SF,24,5,399,8.6,.509,.659,.106,3.7,7.7,5.6,11.7,2.1,1.3,12.9,15.4,0.0,0.4,0.4,.042,-3.4,0.1,-3.3,-0.1,,edwarju01
241,Daniss Jenkins,24,DET,PG,24,6,394,13.5,.528,.350,.223,4.4,8.0,6.2,25.2,2.4,0.2,15.2,21.0,0.2,0.5,0.8,.094,-1.4,-0.1,-1.5,0.0,,jenkida01
242,Ja Morant,26,MEM,PG,14,14,392,13.2,.474,.295,.348,1.9,11.3,6.6,41.8,1.6,0.7,16.0,32.9,-0.5,0.4,-0.1,-0.014,-2.1,-2.1,-4.2,-0.2,,moranja01
243,Kobe Sanders,23,LAC,SG,20,3,388,6.7,.571,.520,.245,2.4,9.1,5.8,9.5,1.5,0.7,22.2,15.8,-0.3,0.1,-0.1,-0.017,-4.8,-1.0,-5.8,-0.4,,sandeko01
244,Walter Clayton,22,UTA,PG,24,0,387,11.0,.545,.545,.220,2.7,11.3,7.0,27.9,1.5,1.0,18.7,17.5,0.2,0.1,0.2,.029,-1.9,-1.0,-2.9,-0.1,,claytwa01
245,Dylan Harper,19,SAS,SG,18,0,387,15.2,.527,.245,.276,5.1,10.9,8.1,25.3,1.7,0.2,12.2,26.5,0.2,0.4,0.7,.081,-1.1,-0.3,-1.4,0.1,,harpedy01
246,Aaron Wiggins,27,OKC,SG,16,5,386,13.1,.577,.544,.095,3.6,10.2,7.1,10.5,1.1,2.4,9.9,20.4,0.2,0.7,0.9,.117,-0.1,-0.3,-0.3,0.1,,wiggiaa01
247,Yves Missi,21,NOP,C,22,6,385,14.3,.561,.000,.308,18.8,14.4,16.7,8.1,0.5,5.9,17.6,13.6,0.4,0.2,0.6,.073,-1.8,-1.9,-3.7,-0.2,,missiyv01
248,Jalen Smith,25,CHI,C,23,0,380,17.3,.591,.532,.184,12.0,24.5,18.4,10.5,0.9,3.4,11.9,21.2,0.5,0.4,0.8,.104,0.5,-1.5,-1.0,0.1,,smithja04
249,Jaylen Clark,24,MIN,SG,26,0,375,9.4,.518,.511,.319,7.7,7.8,7.8,4.2,2.7,0.7,7.7,13.1,0.2,0.5,0.7,.084,-3.5,0.8,-2.7,-0.1,,clarkja02
250,Justin Champagnie,24,WAS,SF,25,8,375,15.4,.520,.382,.363,12.5,20.7,16.6,8.6,2.3,2.6,7.1,14.2,0.5,0.2,0.7,.093,-0.7,-0.7,-1.4,0.1,,champju01
251,LeBron James,41,LAL,SF,11,11,375,18.6,.557,.306,.347,2.9,16.0,9.7,32.0,1.3,2.1,12.7,26.2,0.5,0.3,0.8,.098,2.9,-0.3,2.6,0.4,,jamesle01
252,Brandon Miller,23,CHO,SF,13,13,374,13.9,.509,.469,.225,4.6,10.9,7.8,19.8,1.8,3.5,12.9,29.5,-0.2,0.3,0.1,.010,-1.3,-1.2,-2.5,0.0,,millebr02
253,Micah Peavy,24,NOP,SG,24,1,373,9.0,.467,.325,.120,6.9,10.3,8.5,9.1,1.7,0.5,6.8,14.8,0.0,0.1,0.1,.017,-3.5,-1.7,-5.2,-0.3,,peavymi01
254,Aaron Gordon,30,DEN,PF,13,13,368,20.5,.676,.409,.390,6.1,16.9,11.8,6.5,1.3,0.8,9.1,23.2,1.0,0.3,1.4,.178,4.0,-1.5,2.5,0.4,,gordoaa01
255,Jonas Valančiūnas,33,DEN,C,28,0,365,22.2,.622,.069,.295,13.4,26.7,20.4,13.7,0.8,4.0,12.9,26.4,0.8,0.5,1.3,.165,0.6,-0.6,-0.1,0.2,,valanjo01
256,Domantas Sabonis,29,SAC,C,11,11,365,17.6,.564,.138,.352,11.0,30.6,20.5,17.2,1.7,0.5,14.3,22.7,0.3,0.4,0.6,.081,-0.6,-0.4,-1.0,0.1,,sabondo01
257,Jabari Walker,23,PHI,PF,26,5,364,10.5,.540,.424,.380,10.1,17.7,13.8,5.2,0.7,2.0,10.8,13.8,0.3,0.4,0.7,.089,-3.3,-1.0,-4.3,-0.2,,walkeja01
258,Drew Eubanks,28,SAC,C,25,11,360,12.1,.617,.022,.418,6.0,16.1,10.9,3.2,1.6,4.3,17.0,15.3,0.0,0.3,0.3,.038,-3.6,-0.2,-3.8,-0.2,,eubandr01
259,Caleb Love,24,POR,SG,21,0,358,7.9,.426,.585,.108,3.5,11.5,7.4,18.1,1.2,0.0,8.4,22.4,-0.3,0.2,-0.2,-0.022,-3.8,-2.5,-6.3,-0.4,,loveca01
260,Keaton Wallace,26,ATL,PG,26,2,357,10.6,.527,.620,.100,0.3,11.5,5.9,24.5,2.2,1.0,14.7,14.4,0.2,0.3,0.5,.062,-2.7,0.3,-2.4,0.0,,wallake01
261,Jericho Sims,27,MIL,C,23,4,357,10.0,.826,.000,.244,10.7,18.4,14.6,6.2,0.7,1.4,32.6,8.3,0.4,0.2,0.6,.087,-3.6,-1.0,-4.6,-0.2,,simsje01
262,Alex Caruso,31,OKC,SG,19,0,357,14.2,.533,.612,.122,4.2,13.4,9.0,16.3,4.6,2.0,14.1,14.5,0.2,1.0,1.2,.160,-0.9,4.8,3.9,0.5,,carusal01
263,Ochai Agbaji,25,TOR,SG,22,6,354,6.8,.476,.356,.195,3.5,11.4,7.4,6.2,1.5,1.4,6.0,12.1,0.0,0.4,0.4,.050,-5.4,0.5,-4.9,-0.3,,agbajoc01
264,Cam Whitmore,21,WAS,SF,21,0,354,13.8,.528,.331,.183,5.6,11.4,8.5,6.6,2.0,2.0,9.0,23.7,-0.1,0.1,0.0,-0.006,-1.2,-2.3,-3.5,-0.1,,whitmca01
265,Ryan Nembhard,22,DAL,PG,17,11,354,12.2,.564,.355,.025,1.5,7.3,4.5,38.8,0.8,0.0,19.2,18.0,0.2,0.2,0.5,.067,-0.8,-1.9,-2.7,-0.1,,nembhry01
266,Coby White,25,CHI,SG,12,10,354,16.7,.579,.464,.481,1.5,10.9,6.3,26.1,1.1,0.0,13.4,29.7,0.4,0.1,0.5,.062,-0.2,-3.0,-3.2,-0.1,,whiteco01
267,Jordan Poole,26,NOP,PG,12,4,349,12.2,.533,.601,.315,0.9,5.5,3.1,16.6,1.1,1.1,10.7,25.6,0.1,0.0,0.1,.017,-0.7,-2.5,-3.2,-0.1,,poolejo01
268,Bilal Coulibaly,21,WAS,SG,13,13,348,8.6,.477,.459,.378,2.1,13.4,7.8,14.4,2.2,3.0,17.9,16.7,-0.4,0.1,-0.3,-0.035,-4.8,-0.3,-5.1,-0.3,,coulibi01
269,Nikola Jović,22,MIA,PF,19,1,347,8.9,.507,.508,.331,3.3,16.3,9.9,18.6,1.3,1.8,20.6,20.1,-0.4,0.5,0.0,.006,-4.2,0.4,-3.8,-0.2,,jovicni01
270,Mitchell Robinson,27,NYK,C,19,10,345,21.1,.660,.000,.717,26.6,25.4,26.0,7.3,2.3,6.2,16.7,10.2,1.0,0.6,1.7,.234,2.5,0.6,3.2,0.5,,robinmi01
271,Hugo González,19,BOS,SF,24,1,341,11.3,.600,.358,.111,6.2,18.1,12.2,4.6,2.8,2.0,15.8,12.8,0.2,0.5,0.7,.096,-3.3,1.7,-1.5,0.0,,gonzahu01
272,Bogdan Bogdanović,33,LAC,SG,14,3,339,9.3,.528,.618,.173,1.7,13.1,7.5,18.1,1.2,0.3,13.2,17.6,0.0,0.1,0.2,.023,-2.2,-0.9,-3.1,-0.1,,bogdabo01
273,Nae'Qwan Tomlin,25,CLE,PF,21,2,338,14.5,.549,.359,.274,9.9,10.9,10.4,5.8,2.2,3.6,5.8,17.0,0.4,0.4,0.8,.119,-1.7,-0.1,-1.8,0.0,,tomlina01
274,Corey Kispert,26,WAS,SF,17,2,338,14.2,.657,.650,.282,1.9,11.0,6.5,12.2,1.1,0.8,8.7,15.7,0.6,-0.1,0.6,.081,0.9,-1.9,-1.1,0.1,,kispeco01
275,Drake Powell,20,BRK,SG,19,0,337,10.5,.625,.451,.256,1.3,11.0,5.9,16.3,2.0,0.8,19.4,14.5,0.2,0.3,0.5,.065,-3.6,0.7,-2.9,-0.1,,poweldr01
276,Sam Merrill,29,CLE,SG,13,8,337,14.2,.657,.837,.130,2.8,5.6,4.2,13.3,1.0,0.8,7.1,17.1,0.8,0.2,1.0,.138,1.9,-1.3,0.6,0.2,,merrisa01
277,Kristaps Porziņģis,30,ATL,C,13,12,337,23.5,.631,.395,.413,6.3,17.7,12.0,18.2,0.8,5.7,5.7,26.0,1.1,0.3,1.5,.209,4.3,0.9,5.2,0.6,,porzikr01
278,Jared McCain,21,PHI,SG,18,0,335,9.0,.467,.504,.109,0.6,12.1,6.2,14.9,2.4,0.0,10.0,19.9,-0.3,0.4,0.1,.014,-4.4,-0.1,-4.5,-0.2,,mccaija01
279,Aaron Nesmith,26,IND,SF,11,11,335,12.3,.518,.565,.265,5.1,10.6,7.7,7.9,1.3,0.8,4.6,21.5,0.2,0.2,0.4,.056,-0.3,-1.7,-2.0,0.0,,nesmiaa01
280,Gary Payton II,33,GSW,SG,28,1,331,13.5,.534,.323,.071,9.5,19.0,14.2,20.8,2.5,1.9,17.7,15.8,0.2,0.6,0.7,.107,-2.0,2.2,0.3,0.2,,paytoga02
281,Jarred Vanderbilt,26,LAL,PF,18,2,327,11.0,.526,.328,.373,11.8,23.9,18.1,9.4,2.5,2.1,24.3,13.6,0.0,0.4,0.4,.057,-2.9,0.4,-2.5,0.0,,vandeja01
282,Pat Spencer,29,GSW,PG,21,3,325,14.5,.527,.297,.188,5.0,11.3,8.2,29.9,2.2,0.3,12.6,20.5,0.3,0.4,0.7,.111,-0.9,0.9,0.1,0.2,,spencpa01
283,Christian Braun,24,DEN,SG,11,11,325,12.8,.569,.289,.299,6.6,9.9,8.3,12.9,1.3,0.9,11.3,16.4,0.4,0.2,0.7,.096,-0.6,-0.9,-1.6,0.0,,braunch01
284,Derrick Jones Jr.,28,LAC,SF,13,13,324,14.7,.652,.500,.304,4.0,7.0,5.5,6.6,1.7,4.4,8.7,15.5,0.5,0.2,0.7,.106,0.6,-0.2,0.4,0.2,,jonesde02
285,Dalton Knecht,24,LAL,SF,22,1,320,11.1,.573,.575,.142,3.4,11.3,7.5,5.2,1.1,2.1,6.6,16.2,0.2,0.2,0.4,.063,-1.0,-1.4,-2.4,0.0,,knechda01
286,Jordan Hawkins,23,NOP,SG,23,0,319,6.2,.444,.566,.098,2.7,10.3,6.4,8.1,0.5,0.6,7.3,17.9,-0.3,0.0,-0.3,-0.048,-3.2,-3.5,-6.6,-0.4,,hawkijo01
287,Aaron Holiday,29,HOU,PG,20,0,319,12.7,.637,.681,.250,1.1,6.6,3.9,8.9,1.2,0.9,12.9,19.2,0.6,0.2,0.8,.122,0.7,-0.6,0.1,0.2,,holidaa01
288,Landry Shamet,28,NYK,SG,15,6,314,13.2,.644,.710,.366,2.4,8.2,5.3,7.4,0.9,1.0,6.1,15.4,0.7,0.2,0.9,.138,1.1,-0.9,0.2,0.2,,shamela01
289,Adem Bona,22,PHI,C,19,3,313,11.4,.589,.085,.681,11.4,13.6,12.5,1.3,1.1,8.6,18.6,10.0,0.2,0.4,0.6,.096,-4.1,1.1,-3.0,-0.1,,bonaad01
290,Kevin Porter Jr.,25,MIL,PG,10,10,312,22.5,.642,.422,.348,2.6,14.9,8.8,38.0,3.6,1.3,18.8,27.1,0.7,0.4,1.1,.164,4.3,1.6,5.8,0.6,,porteke02
291,Bryce McGowens,23,NOP,SG,18,5,310,15.5,.654,.315,.467,1.4,12.1,6.6,11.3,1.2,1.3,4.3,15.6,0.8,0.1,0.9,.137,0.5,-0.9,-0.5,0.1,,mcgowbr01
292,Brook Lopez,37,LAC,C,21,0,308,9.4,.544,.676,.117,2.3,13.7,8.1,5.4,1.0,5.9,14.0,19.3,-0.3,0.2,-0.1,-0.008,-3.2,-0.5,-3.8,-0.1,,lopezbr01
293,Jeremy Sochan,22,SAS,PF,19,0,302,11.4,.553,.299,.184,8.4,14.7,11.6,11.1,1.6,1.2,13.8,15.1,0.2,0.4,0.6,.096,-2.7,0.3,-2.5,0.0,,sochaje01
294,T.J. McConnell,33,IND,PG,18,0,301,22.2,.565,.132,.007,2.0,15.8,8.6,51.4,3.3,1.2,11.1,23.7,0.5,0.4,0.9,.147,2.2,2.0,4.3,0.5,,mccontj01
295,Gabe Vincent,29,LAL,PG,14,6,301,5.0,.523,.783,.117,1.6,3.0,2.3,8.3,1.1,0.3,8.7,9.9,0.1,0.1,0.2,.030,-3.9,-0.9,-4.8,-0.2,,vincega01
296,Jeremiah Robinson-Earl,25,IND,PF,17,3,300,9.0,.443,.398,.169,10.8,20.6,15.5,5.7,1.1,0.3,10.1,13.8,-0.1,0.3,0.2,.028,-3.7,-2.0,-5.6,-0.3,,robinje02
297,Luka Garza,27,BOS,C,21,1,299,20.2,.677,.333,.481,19.4,12.2,15.8,9.1,1.0,3.3,8.4,15.5,1.2,0.3,1.5,.242,2.1,-0.1,2.0,0.3,,garzalu01
298,Robert Williams,28,POR,C,19,1,299,21.8,.705,.120,.200,13.6,27.4,20.3,8.5,1.9,8.1,11.9,12.4,0.7,0.5,1.3,.201,2.5,2.2,4.7,0.5,,williro04
299,Paul George,35,PHI,PF,11,11,295,17.8,.572,.475,.273,1.4,19.3,10.2,19.4,2.5,1.2,10.4,24.6,0.3,0.4,0.8,.126,1.8,1.3,3.1,0.4,,georgpa01
300,Jalen Williams,24,OKC,SG,10,10,295,19.5,.549,.207,.240,2.7,15.8,9.6,25.3,2.4,2.1,9.8,26.9,0.3,0.7,1.0,.167,1.0,1.7,2.8,0.4,,willija06
301,Baylor Scheierman,25,BOS,SG,25,0,291,9.6,.683,.792,.019,3.1,12.9,8.0,7.3,2.1,0.7,15.8,9.4,0.3,0.3,0.6,.104,-2.7,1.2,-1.5,0.0,,scheiba01
302,Joel Embiid,31,PHI,C,11,11,288,20.5,.531,.298,.433,7.3,20.1,13.6,18.4,1.5,4.4,11.3,34.6,0.1,0.4,0.5,.082,1.3,0.4,1.6,0.3,,embiijo01
303,John Konchar,29,MEM,SG,22,0,286,13.1,.610,.549,.176,4.4,17.4,10.9,12.5,3.2,2.3,11.3,9.0,0.3,0.5,0.8,.137,-1.2,3.8,2.5,0.3,,konchjo01
304,Trendon Watford,25,PHI,PF,14,4,286,15.4,.618,.205,.341,5.5,19.5,12.4,25.7,1.0,0.9,17.2,17.8,0.5,0.3,0.8,.134,-0.5,0.8,0.3,0.2,,watfotr01
305,Tristan Vukcevic,22,WAS,C,23,2,285,15.0,.563,.405,.421,5.1,17.4,11.3,11.8,1.2,4.0,14.3,25.6,0.0,0.1,0.1,.013,-2.4,-1.5,-3.9,-0.1,,vukcetr01
306,Gary Harris,31,MIL,SG,20,0,284,7.2,.578,.526,.105,2.0,9.2,5.6,9.7,2.2,1.0,18.5,7.6,0.1,0.2,0.3,.052,-4.1,1.1,-3.0,-0.1,,harriga01
307,Zach Edey,23,MEM,C,11,11,284,20.8,.669,.051,.327,16.0,29.4,22.7,6.7,1.2,7.0,18.8,20.1,0.4,0.5,0.9,.156,-0.6,1.5,0.9,0.2,,edeyza01
308,Jalen Wilson,25,BRK,PF,20,0,279,6.5,.535,.667,.241,0.8,8.1,4.3,5.8,0.9,0.0,9.4,16.4,-0.1,0.1,0.0,.007,-4.1,-2.0,-6.1,-0.3,,wilsoja03
309,Al Horford,39,GSW,C,13,1,279,9.1,.453,.731,.077,4.3,17.8,11.0,12.6,2.2,4.2,16.6,14.6,-0.3,0.5,0.2,.039,-3.3,1.8,-1.5,0.0,,horfoal01
310,Tyler Kolek,24,NYK,PG,24,0,278,12.5,.559,.453,.093,2.7,10.5,6.5,27.2,1.9,0.7,18.3,16.6,0.3,0.3,0.5,.094,-1.2,0.4,-0.8,0.1,,kolekty01
311,Kevin Love,37,UTA,PF,17,0,273,15.7,.592,.722,.244,10.9,23.3,17.0,14.4,1.0,2.1,9.9,16.6,0.5,0.1,0.6,.112,1.5,-0.7,0.8,0.2,,loveke01
312,Tari Eason,24,HOU,PF,12,1,271,17.9,.664,.544,.087,7.6,17.1,12.5,11.0,1.8,1.7,15.1,19.2,0.6,0.4,0.9,.160,3.5,-0.1,3.4,0.4,,easonta01
313,Clint Capela,31,HOU,C,24,1,270,19.3,.563,.000,.279,25.9,20.5,23.1,4.9,1.7,5.5,13.6,13.6,0.5,0.4,1.0,.176,0.9,-0.8,0.2,0.1,,capelca01
314,Terrence Shannon Jr.,25,MIN,SG,20,0,267,8.0,.563,.455,.351,2.5,9.0,5.8,7.0,1.3,0.3,13.6,16.3,0.0,0.2,0.3,.049,-4.1,-0.6,-4.7,-0.2,,shannte01
315,Tyrese Proctor,21,CLE,PG,22,1,266,9.8,.487,.643,.205,1.6,11.7,6.5,15.9,1.2,0.0,6.9,20.3,0.1,0.2,0.2,.043,-3.4,-1.6,-5.0,-0.2,,proctty01
316,Rob Dillingham,21,MIN,PG,25,0,265,6.9,.404,.220,.128,2.1,11.1,6.6,25.5,2.9,1.0,18.4,22.5,-0.6,0.4,-0.3,-0.049,-7.2,0.2,-7.0,-0.3,,dilliro01
317,Tony Bradley,28,IND,C,23,3,260,14.6,.610,.014,.419,14.7,9.8,12.4,8.4,0.6,1.4,9.3,15.6,0.6,0.1,0.7,.130,-2.0,-1.9,-4.0,-0.1,,bradlto01
318,Jonathan Isaac,28,ORL,PF,25,0,259,10.5,.484,.475,.475,9.7,23.9,16.8,1.0,1.3,4.3,10.1,12.8,0.0,0.4,0.4,.068,-3.1,0.2,-3.0,-0.1,,isaacjo01
319,Liam McNeeley,20,CHO,SF,19,0,259,10.3,.600,.667,.362,4.0,15.8,9.9,9.0,0.7,0.7,11.1,14.5,0.3,0.1,0.4,.079,-1.6,-0.9,-2.4,0.0,,mcneeli01
320,Trayce Jackson-Davis,25,GSW,C,20,1,258,15.7,.599,.000,.525,12.6,18.5,15.5,12.8,1.1,4.9,14.2,13.8,0.4,0.4,0.8,.153,-1.2,1.1,-0.1,0.1,,jackstr02
321,Dwight Powell,34,DAL,C,22,1,256,11.4,.680,.000,1.241,8.8,13.3,11.1,9.6,2.0,1.6,16.7,8.8,0.4,0.3,0.8,.148,-3.7,2.1,-1.6,0.0,,poweldw01
322,Taylor Hendricks,22,UTA,PF,17,3,253,12.5,.595,.493,.275,9.2,15.6,12.4,4.9,1.1,1.5,8.3,13.6,0.3,0.1,0.4,.073,0.0,-2.0,-2.0,0.0,,hendrta01
323,Will Riley,19,WAS,SF,21,0,251,11.3,.543,.338,.338,6.2,8.2,7.2,11.6,1.3,0.7,12.8,16.9,0.1,-0.1,0.1,.010,-2.2,-2.5,-4.6,-0.2,,rileywi01
324,Guerschon Yabusele,30,NYK,C,26,0,250,8.4,.511,.690,.141,7.8,17.1,12.3,5.0,0.6,1.6,10.7,14.2,0.1,0.2,0.3,.058,-2.9,-1.2,-4.1,-0.1,,yabusgu01
325,Tidjane Salaün,20,CHO,PF,16,0,248,13.6,.647,.571,.286,4.2,21.5,12.9,8.1,1.6,1.1,10.3,14.8,0.4,0.2,0.6,.113,-0.7,0.2,-0.5,0.1,,salauti01
326,Bones Hyland,25,MIN,PG,20,3,244,15.2,.646,.659,.212,2.3,8.9,5.6,23.6,2.2,0.7,15.5,19.0,0.5,0.3,0.7,.146,0.4,1.2,1.6,0.2,,hylanbo01
327,Larry Nance Jr.,33,CLE,PF,16,2,240,6.4,.430,.508,.046,5.7,14.8,10.1,10.6,1.8,1.5,11.9,13.0,-0.1,0.3,0.1,.024,-5.9,0.2,-5.6,-0.2,,nancela02
328,Jett Howard,22,ORL,SF,20,0,239,12.9,.591,.678,.100,2.7,11.1,6.9,10.8,0.8,1.1,5.1,17.3,0.4,0.2,0.6,.116,0.0,-0.7,-0.7,0.1,,howarje01
329,Paul Reed,26,DET,C,22,2,233,24.8,.682,.153,.235,18.3,22.4,20.3,14.3,3.3,5.9,18.3,20.0,0.5,0.6,1.1,.226,2.3,2.3,4.6,0.4,,reedpa01
330,Jaden Hardy,23,DAL,SG,22,0,231,9.4,.550,.631,.233,2.3,9.8,6.1,7.1,0.8,0.7,13.0,23.7,-0.2,0.2,0.0,.005,-2.4,-1.4,-3.8,-0.1,,hardyja02
331,Karlo Matković,24,NOP,PF,20,0,231,16.8,.697,.270,.159,6.5,24.5,15.2,11.4,0.6,6.0,12.9,14.0,0.4,0.2,0.6,.124,0.3,0.9,1.2,0.2,,matkoka01
332,Danny Wolf,21,BRK,PF,13,0,230,12.1,.537,.472,.225,5.3,22.4,13.4,15.7,1.1,1.2,16.3,21.8,-0.1,0.2,0.1,.022,-2.1,-0.7,-2.8,0.0,,wolfda01
333,Chris Paul,40,LAC,PG,16,0,228,8.1,.413,.536,.036,3.1,11.0,7.1,31.8,2.4,0.0,22.0,14.0,-0.1,0.1,0.0,.001,-4.1,-0.6,-4.7,-0.2,,paulch01
334,Cam Thomas,24,BRK,SG,8,8,226,14.9,.546,.341,.424,1.5,4.2,2.8,16.7,0.9,0.4,9.3,32.9,0.1,0.1,0.1,.031,0.6,-3.6,-3.0,-0.1,,thomaca02
335,Nick Richards,28,PHO,C,24,2,225,11.1,.560,.000,.467,14.3,25.3,19.7,4.9,0.4,4.7,24.1,17.8,-0.1,0.3,0.2,.033,-5.8,-1.1,-6.9,-0.3,,richani01
336,KJ Simpson,23,CHO,PG,14,2,223,7.8,.437,.438,.180,2.6,12.2,7.4,22.5,3.2,0.0,20.0,22.5,-0.5,0.2,-0.3,-0.067,-5.9,-0.2,-6.1,-0.2,,simpskj01
337,Julian Phillips,22,CHI,SF,22,2,222,10.0,.538,.545,.109,7.8,6.6,7.2,4.0,2.1,1.9,3.4,11.2,0.2,0.1,0.3,.074,-2.3,-0.4,-2.7,0.0,,phillju01
338,Kobe Brown,26,LAC,PF,19,0,222,10.4,.514,.672,.262,5.8,14.4,10.2,11.5,1.6,0.9,12.8,15.4,0.0,0.1,0.2,.034,-1.4,-1.1,-2.5,0.0,,brownko01
339,Caleb Martin,30,DAL,SF,23,0,217,5.3,.361,.333,.231,5.9,10.9,8.5,12.8,2.2,1.5,15.7,9.9,-0.2,0.3,0.1,.023,-6.6,1.9,-4.6,-0.1,,martica02
340,Thomas Bryant,28,CLE,C,23,0,216,14.7,.598,.486,.297,6.3,23.2,14.5,5.2,1.3,3.0,8.7,17.5,0.3,0.3,0.6,.124,-1.8,-0.7,-2.5,0.0,,bryanth01
341,Ousmane Dieng,22,OKC,C,17,0,213,10.2,.581,.525,.098,3.3,11.7,7.7,9.1,0.2,2.4,8.6,14.1,0.2,0.4,0.6,.125,-1.6,-0.2,-1.7,0.0,,diengou01
342,Gui Santos,23,GSW,PF,23,1,211,9.9,.559,.617,.267,10.2,13.3,11.8,10.1,2.1,0.9,21.2,17.0,0.0,0.3,0.2,.054,-3.5,0.3,-3.2,-0.1,,santogu01
343,Branden Carlson,26,OKC,C,19,1,210,16.9,.666,.500,.097,5.5,16.8,11.5,8.7,0.5,5.3,8.5,16.9,0.4,0.4,0.8,.192,0.8,0.6,1.4,0.2,,carlsbr01
344,Jaden Ivey,23,DET,SG,14,0,210,14.3,.572,.467,.200,4.2,11.4,7.8,14.3,2.3,0.9,12.5,21.7,0.2,0.3,0.5,.117,-0.4,0.9,0.5,0.1,,iveyja01
345,Ben Saraf,19,BRK,SG,12,5,203,6.9,.474,.532,.242,2.7,8.2,5.4,24.5,1.9,1.4,25.1,19.4,-0.4,0.2,-0.2,-0.050,-4.9,-1.4,-6.3,-0.2,,sarafbe01
346,Cody Williams,21,UTA,SG,16,0,201,1.6,.365,.453,.075,2.1,6.6,4.3,7.2,0.7,1.4,9.9,12.4,-0.3,0.0,-0.4,-0.087,-7.1,-2.9,-10.0,-0.4,,willico04
347,Jevon Carter,30,CHI,PG,14,0,200,13.3,.597,.750,.132,2.7,7.8,5.3,11.5,2.6,0.0,9.0,18.4,0.2,0.1,0.3,.080,-0.1,-0.2,-0.3,0.1,,carteje01
348,Moussa Cisse,23,DAL,C,19,1,194,13.6,.571,.000,.816,15.5,20.7,18.2,2.1,1.2,8.5,21.3,14.2,0.0,0.4,0.4,.089,-5.0,1.5,-3.4,-0.1,,cissemo01
349,Asa Newell,20,ATL,PF,20,0,193,16.4,.678,.441,.191,9.8,8.6,9.2,8.1,1.5,2.4,9.8,17.7,0.4,0.1,0.5,.135,0.9,-1.2,-0.3,0.1,,newelas01
350,Tyler Herro,26,MIA,SG,6,6,191,20.2,.629,.374,.263,1.7,14.3,8.1,11.4,1.4,1.4,6.0,25.2,0.4,0.2,0.6,.158,3.5,0.2,3.7,0.3,,herroty01
351,Cam Christie,20,LAC,SG,17,0,188,11.1,.492,.468,.484,5.0,17.0,11.1,8.4,1.6,1.0,7.4,18.9,0.0,0.1,0.1,.031,-2.4,-1.3,-3.7,-0.1,,chrisca02
352,Trae Young,27,ATL,PG,7,7,186,20.1,.569,.426,.532,0.0,7.1,3.6,45.2,1.3,0.5,11.5,29.5,0.5,0.1,0.6,.148,3.5,-2.4,1.1,0.1,,youngtr01
353,Garrison Mathews,29,IND,SG,14,1,185,11.3,.619,.896,.479,1.1,7.8,4.3,7.7,1.3,1.4,4.9,13.8,0.3,0.1,0.4,.108,-1.6,-0.3,-1.9,0.0,,mathega01
354,Ethan Thompson,26,IND,SG,9,4,185,9.0,.561,.733,.111,3.8,4.8,4.3,11.6,1.3,1.0,6.0,11.4,0.2,0.1,0.3,.074,-2.8,0.1,-2.6,0.0,,thompet01
355,Duop Reath,29,POR,C,23,0,183,10.7,.654,.732,.054,2.9,9.1,5.9,5.5,0.8,1.9,9.5,13.8,0.2,0.1,0.3,.084,-0.1,-0.9,-1.1,0.0,,reathdu01
356,Rayan Rupert,21,POR,SG,22,0,181,3.7,.415,.477,.091,3.5,15.9,9.5,5.1,1.8,0.5,16.4,12.1,-0.3,0.1,-0.1,-0.028,-6.9,-0.5,-7.4,-0.2,,ruperra01
357,Kelly Olynyk,34,SAS,C,16,0,174,14.6,.631,.511,.447,8.3,16.8,12.6,18.3,1.6,0.0,17.6,16.4,0.3,0.2,0.5,.149,-0.6,0.7,0.1,0.1,,olynyke01
358,Olivier-Maxence Prosper,23,MEM,PF,17,0,173,13.4,.618,.320,.520,7.3,15.3,11.3,9.8,0.5,0.5,12.8,16.8,0.3,0.1,0.4,.117,-1.5,-1.0,-2.5,0.0,,prospol01
359,Dalen Terry,23,CHI,SG,16,0,173,11.4,.553,.349,.163,6.3,10.9,8.6,15.0,3.0,2.0,19.3,13.7,0.0,0.2,0.2,.052,-3.1,1.1,-1.9,0.0,,terryda01
360,Jamaree Bouyea,26,PHO,PG,12,0,172,20.0,.711,.411,.125,2.6,9.4,5.9,17.3,2.3,3.4,6.3,15.4,0.6,0.2,0.7,.207,4.6,2.3,6.9,0.4,,bouyeja01
361,RayJ Dennis,24,2TM,PG,14,0,172,6.5,.421,.528,.125,4.7,9.7,7.1,22.5,0.8,2.1,16.5,22.2,-0.4,0.1,-0.3,-0.074,-4.2,-1.6,-5.8,-0.2,,dennira01
361,RayJ Dennis,24,IND,PG,13,0,168,6.8,.421,.528,.125,4.8,8.6,6.6,23.0,0.9,2.1,15.6,22.4,-0.3,0.1,-0.2,-0.069,-3.9,-1.7,-5.6,-0.2,,dennira01
361,RayJ Dennis,24,LAC,PG,1,0,4,-5.9,,,,0.0,56.9,28.9,0.0,0.0,0.0,100.0,11.0,0.0,0.0,0.0,-0.287,-15.7,-0.5,-16.2,0.0,,dennira01
362,Quenton Jackson,27,IND,PG,9,5,169,15.1,.598,.382,.527,3.6,13.1,8.1,20.1,2.0,0.5,14.0,19.5,0.2,0.1,0.3,.099,-0.8,1.1,0.2,0.1,,jacksqu01
363,Taurean Prince,31,MIL,SF,8,0,169,7.7,.623,.737,.079,0.0,8.7,4.4,6.2,1.7,1.2,11.3,11.6,0.1,0.1,0.2,.049,-3.3,-0.4,-3.7,-0.1,,princta02
364,Jase Richardson,20,ORL,SG,18,0,165,14.6,.590,.412,.162,4.6,8.7,6.7,18.3,1.4,0.5,12.1,20.9,0.2,0.1,0.3,.099,0.6,-0.5,0.1,0.1,,richaja02
365,Jalen Pickett,26,DEN,SG,14,1,165,11.3,.563,.591,.068,3.6,13.6,8.9,20.0,0.9,1.1,16.6,14.1,0.2,0.1,0.3,.082,0.0,-0.4,-0.5,0.1,,pickeja02
366,Nigel Hayes-Davis,31,PHO,SF,18,0,164,3.4,.334,.368,.053,6.1,9.9,8.0,4.6,2.1,0.6,13.4,11.5,-0.3,0.1,-0.1,-0.039,-6.7,-1.1,-7.8,-0.2,,hayesni01
367,Noah Penda,21,ORL,SF,16,0,164,18.9,.599,.333,.255,20.0,22.2,21.1,15.6,1.2,2.6,15.0,17.0,0.4,0.2,0.6,.172,2.0,-0.5,1.4,0.1,,pendano01
368,Jamison Battle,24,TOR,SF,20,1,161,13.6,.752,.600,.111,2.8,18.0,10.4,6.1,0.6,0.6,12.9,14.3,0.2,0.2,0.4,.122,0.2,-0.2,0.0,0.1,,battlja01
369,Nick Smith Jr.,21,LAL,SG,11,0,161,12.1,.551,.522,.087,0.8,8.4,4.7,13.6,2.4,1.2,13.3,22.1,-0.1,0.1,0.1,.020,-1.1,-0.9,-2.0,0.0,,smithni01
370,Kyle Anderson,32,UTA,SF,9,0,161,14.2,.540,.020,.306,4.6,10.9,7.7,24.7,3.8,1.8,13.9,16.4,0.1,0.1,0.3,.081,-2.1,2.0,-0.1,0.1,,anderky01
371,Carter Bryant,20,SAS,PF,20,0,159,5.2,.450,.556,.111,4.2,19.7,12.0,1.6,1.2,1.1,13.7,17.3,-0.3,0.2,-0.1,-0.023,-6.0,-1.6,-7.6,-0.2,,bryanca01
372,Amir Coffey,28,MIL,SG,20,0,158,6.1,.554,.458,.292,2.9,7.9,5.4,6.3,0.0,0.6,6.9,8.1,0.1,0.0,0.1,.040,-3.4,-2.4,-5.8,-0.2,,coffeam01
373,Isaiah Livers,27,PHO,PF,13,0,158,8.0,.506,.828,.207,5.6,14.7,10.1,4.0,2.1,3.1,13.6,9.7,0.0,0.2,0.2,.060,-3.4,1.0,-2.4,0.0,,liveris01
374,Maxi Kleber,34,LAL,PF,12,0,155,5.6,.511,.579,.421,4.7,11.0,7.9,5.5,0.6,3.1,8.2,6.8,0.1,0.1,0.2,.054,-4.6,-0.2,-4.8,-0.1,,klebima01
375,Kevon Looney,29,NOP,C,12,6,155,10.8,.449,.212,.182,13.7,19.7,16.6,14.1,1.2,3.2,14.4,11.2,0.1,0.1,0.2,.058,-3.2,-0.1,-3.3,0.0,,looneke01
376,Walker Kessler,24,UTA,C,5,5,154,20.7,.786,.216,.541,15.8,22.1,18.9,14.2,2.1,5.5,25.9,16.4,0.3,0.1,0.5,.149,1.6,1.7,3.3,0.2,,kesslwa01
377,Ariel Hukporti,23,NYK,C,17,3,153,9.4,.540,.000,.750,12.0,19.8,15.8,8.4,1.0,6.6,29.7,8.3,0.1,0.2,0.3,.088,-4.7,1.8,-2.9,0.0,,hukpoar01
378,Brooks Barnhizer,23,OKC,SG,18,0,148,8.7,.525,.200,.240,4.7,21.0,13.3,6.6,1.0,1.4,9.8,8.9,0.1,0.3,0.4,.125,-3.2,1.5,-1.7,0.0,,barnhbr01
379,Zeke Nnaji,25,DEN,PF,18,1,147,7.1,.584,.500,.346,4.1,15.3,10.0,4.0,1.3,1.9,18.9,10.8,0.0,0.1,0.1,.044,-4.0,-0.6,-4.6,-0.1,,nnajize01
380,Johnny Furphy,21,IND,SG,11,0,147,7.3,.570,.531,.156,4.8,12.8,8.6,2.9,1.6,0.0,14.9,11.5,0.0,0.1,0.1,.032,-4.8,0.1,-4.7,-0.1,,furphjo01
381,Kenrich Williams,31,OKC,PF,9,0,142,12.6,.581,.465,.140,4.1,16.1,10.4,15.8,1.3,0.0,11.6,15.7,0.2,0.3,0.4,.145,-0.7,0.5,-0.1,0.1,,willike04
382,Jamir Watkins,24,WAS,SG,11,1,141,9.9,.690,.542,.333,3.7,17.6,10.7,5.6,1.0,1.9,12.7,9.3,0.2,0.0,0.2,.072,-3.9,-1.0,-4.9,-0.1,,watkija01
383,Chaz Lanier,24,DET,SG,13,0,133,9.9,.496,.881,.071,4.9,6.5,5.7,9.5,1.4,0.0,2.3,13.5,0.2,0.1,0.3,.104,-0.9,-1.0,-1.9,0.0,,laniech01
384,Bronny James,21,LAL,SG,14,1,125,6.3,.408,.452,.065,3.9,4.5,4.2,21.3,3.5,0.8,25.7,14.8,-0.2,0.1,-0.1,-0.031,-4.9,0.1,-4.9,-0.1,,jamesbr02
385,Mason Plumlee,35,CHO,C,14,2,125,13.3,.752,.000,1.000,9.2,27.2,18.3,16.7,2.3,0.0,34.2,8.8,0.2,0.1,0.3,.113,-2.0,2.1,0.1,0.1,,plumlma01
386,Pat Connaughton,33,CHO,SG,14,0,124,15.7,.643,.658,.237,4.6,18.3,11.5,8.3,1.9,0.7,6.7,15.2,0.2,0.1,0.3,.130,1.4,0.5,1.9,0.1,,connapa01
387,De'Anthony Melton,27,GSW,PG,7,0,124,6.3,.390,.500,.396,0.9,5.2,3.1,15.6,4.7,2.9,15.1,22.5,-0.4,0.2,-0.1,-0.050,-8.4,2.4,-6.0,-0.1,,meltode01
388,Zach Collins,28,CHI,C,7,0,122,16.7,.688,.395,.421,9.8,19.7,14.8,11.4,0.8,1.4,16.7,18.4,0.2,0.1,0.3,.119,-0.3,-2.0,-2.3,0.0,,colliza01
389,Bradley Beal,32,LAC,SG,6,6,121,5.1,.476,.396,.167,1.9,2.8,2.4,12.5,1.2,0.0,14.9,21.9,-0.2,0.0,-0.2,-0.083,-6.7,-4.2,-10.9,-0.3,,bealbr01
390,Keshad Johnson,24,MIA,SF,11,0,120,10.6,.470,.436,.333,9.6,16.0,12.9,1.1,1.9,3.0,6.3,16.3,0.0,0.2,0.2,.063,-3.6,-0.2,-3.7,-0.1,,johnske10
391,Jae'Sean Tate,30,HOU,SF,15,0,118,11.7,.623,.375,.063,7.8,13.1,10.5,7.8,1.7,0.0,10.8,12.9,0.2,0.1,0.3,.136,-2.5,0.0,-2.6,0.0,,tateja01
392,Dereck Lively II,21,DAL,C,7,4,115,15.1,.670,.000,.556,13.1,20.6,16.9,15.1,1.6,7.8,30.9,11.8,0.1,0.2,0.3,.141,-3.3,3.9,0.6,0.1,,livelde01
393,Chris Youngblood,23,OKC,SG,20,0,109,7.4,.513,.839,.226,3.2,15.2,9.5,6.8,0.4,0.0,2.9,13.9,0.1,0.2,0.3,.118,-4.7,-0.8,-5.5,-0.1,,youngch01
394,Taelon Peter,23,IND,SG,16,0,106,4.1,.385,.931,.172,3.8,12.5,8.0,17.9,0.9,1.7,22.4,15.9,-0.2,0.1,-0.2,-0.077,-5.5,-1.3,-6.7,-0.1,,peterta01
395,Lindy Waters III,28,SAS,SG,14,0,104,9.2,.550,.867,.000,2.1,13.5,7.9,6.2,1.8,0.0,3.2,12.5,0.1,0.1,0.2,.097,-2.1,0.7,-1.4,0.0,,waterli01
396,Malaki Branham,22,WAS,SG,13,0,104,13.0,.547,.389,.556,5.0,16.9,11.0,13.5,0.9,0.8,11.8,20.4,0.1,0.0,0.1,.034,-2.0,-2.3,-4.3,-0.1,,branhma01
397,Luke Travers,24,CLE,SG,12,0,103,10.2,.350,.444,.250,9.2,16.2,12.6,11.0,3.2,3.6,7.0,17.2,-0.1,0.2,0.0,.021,-4.4,0.7,-3.7,0.0,,travelu01
398,Xavier Tillman Sr.,27,BOS,C,11,1,103,13.6,.554,.464,.000,10.8,15.0,12.9,6.4,2.9,1.9,12.5,13.4,0.1,0.1,0.2,.112,-0.8,1.1,0.3,0.1,,tillmxa01
399,Yang Hansen,20,POR,C,13,1,100,4.7,.383,.400,.250,6.3,18.8,12.4,13.9,0.0,4.3,16.9,21.3,-0.3,0.1,-0.2,-0.089,-7.5,-0.7,-8.2,-0.2,,yangha01
400,Javon Small,23,MEM,PG,8,0,99,8.6,.525,.679,.357,1.1,7.5,4.3,29.8,0.0,1.0,19.8,16.9,0.0,0.0,0.1,.034,-1.9,-2.3,-4.2,-0.1,,smallja01
401,Jordan Miller,26,LAC,SF,7,0,99,15.3,.620,.500,.600,10.7,13.8,12.3,13.4,1.0,1.0,19.2,20.8,0.1,0.0,0.2,.078,1.7,-2.1,-0.4,0.0,,millejo02
402,Blake Wesley,22,POR,SG,6,0,98,12.5,.469,.294,.294,2.1,13.6,7.7,27.8,4.8,0.9,15.4,18.5,0.0,0.1,0.1,.059,-4.4,3.7,-0.7,0.0,,weslebl01
403,Julian Strawther,23,DEN,SG,12,0,93,3.9,.402,.462,.410,0.0,16.1,8.5,8.0,0.5,1.0,9.8,23.6,-0.3,0.1,-0.2,-0.097,-8.6,-3.3,-11.8,-0.2,,strawju01
404,Andre Jackson Jr.,24,MIL,SG,13,0,92,7.5,.358,.591,.182,6.3,8.6,7.5,23.2,2.6,2.1,17.4,13.8,-0.1,0.1,0.0,.005,-5.1,-0.2,-5.3,-0.1,,jacksan01
405,Chris Boucher,33,BOS,PF,8,0,91,7.7,.379,.545,.182,2.4,19.4,11.0,4.1,2.8,7.7,4.0,11.7,-0.1,0.2,0.1,.050,-5.9,2.7,-3.2,0.0,,bouchch01
406,Dylan Cardwell,24,SAC,C,6,1,90,10.9,.520,.077,.923,10.8,19.0,14.8,1.4,1.6,13.1,21.5,11.0,0.0,0.1,0.1,.046,-7.0,2.5,-4.4,-0.1,,cardwdy01
407,Jordan McLaughlin,29,SAS,PG,11,0,89,13.9,.565,.556,.185,5.0,7.3,6.1,16.3,3.8,0.0,12.0,15.6,0.1,0.1,0.2,.131,-1.0,2.7,1.7,0.1,,mclaujo01
408,Devin Carter,23,SAC,PG,9,0,86,10.1,.469,.548,.226,5.0,11.9,8.4,20.5,3.3,1.1,19.0,20.8,-0.1,0.1,0.0,-0.025,-3.5,0.5,-3.0,0.0,,cartede02
409,Obi Toppin,27,IND,PF,3,0,82,12.2,.526,.472,.250,3.7,22.9,12.9,9.8,1.8,0.0,13.1,23.5,-0.1,0.1,0.0,.018,-2.3,-0.5,-2.8,0.0,,toppiob01
410,Mohamed Diawara,20,NYK,SF,20,1,81,4.7,.404,.478,.174,4.0,15.3,9.5,13.8,2.4,1.3,22.0,16.5,-0.2,0.1,-0.1,-0.040,-7.0,-0.2,-7.1,-0.1,,diawamo01
411,Rasheer Fleming,21,PHO,PF,13,0,77,10.3,.453,.563,.156,10.1,12.1,11.1,3.6,2.5,2.5,8.1,20.3,0.0,0.1,0.0,.031,-3.8,-1.5,-5.3,-0.1,,flemira01
412,Josh Green,25,CHO,SG,5,0,77,14.6,.704,.842,.105,6.0,7.4,6.7,9.2,4.4,0.0,13.1,12.4,0.1,0.1,0.2,.134,-0.9,2.5,1.6,0.1,,greenjo02
413,Nolan Traoré,19,BRK,PG,7,0,76,3.5,.330,.524,.190,1.4,9.4,5.3,18.1,1.9,1.2,11.6,14.6,-0.1,0.1,-0.1,-0.054,-7.4,0.0,-7.4,-0.1,,traorno01
414,JD Davison,23,HOU,PG,11,0,74,11.4,.559,.529,.118,1.5,4.5,3.0,17.1,2.0,1.3,5.3,10.6,0.1,0.1,0.2,.129,-0.9,1.2,0.3,0.0,,davisjd01
415,David Jones García,24,SAS,SF,10,0,67,21.4,.579,.200,.240,6.6,12.9,9.8,38.5,4.3,1.3,15.3,20.4,0.2,0.1,0.3,.202,2.9,3.4,6.3,0.1,,jonesda06
416,GG Jackson II,21,MEM,PF,9,0,67,6.7,.352,.485,.273,4.7,20.5,12.6,4.2,3.5,2.8,7.5,24.7,-0.2,0.1,-0.1,-0.086,-7.6,-0.6,-8.2,-0.1,,jacksgg01
417,Elijah Harkless,25,UTA,SG,7,0,66,7.5,.568,.636,.818,3.2,6.7,4.9,9.6,2.9,0.0,16.7,11.1,0.0,0.0,0.1,.039,-4.9,1.7,-3.3,0.0,,harklej01
418,Monte Morris,30,IND,PG,6,0,65,7.2,.414,.400,.200,1.6,10.2,5.7,19.9,0.7,1.4,8.4,15.3,-0.1,0.0,0.0,-0.014,-4.6,-1.7,-6.3,-0.1,,morrimo01
419,Drew Peterson,26,CHO,PF,6,0,64,0.6,.148,.750,.125,5.4,10.6,8.0,3.9,2.3,1.4,0.0,11.0,-0.2,0.0,-0.1,-0.106,-8.7,-2.1,-10.8,-0.1,,peterdr01
420,Adou Thiero,21,LAL,SF,11,0,61,4.2,.543,.000,.714,7.9,7.4,7.7,2.0,2.4,0.0,24.6,8.6,0.0,0.0,0.0,.025,-7.6,-0.5,-8.1,-0.1,,thierad01
421,Bismack Biyombo,33,SAS,C,9,1,61,4.4,.595,.000,.400,3.6,8.9,6.3,5.8,2.4,1.5,33.8,6.1,0.0,0.1,0.1,.049,-5.8,1.7,-4.1,0.0,,biyombi01
422,Yanic Konan Niederhäuser,22,LAC,C,12,0,60,21.0,.709,.000,.667,13.7,17.1,15.4,8.4,0.0,4.8,14.7,19.9,0.2,0.0,0.2,.145,1.0,-1.5,-0.5,0.0,,konanya01
423,Khaman Maluach,19,PHO,C,12,0,59,5.6,.515,.308,.615,3.8,19.7,11.5,4.4,0.0,6.5,23.2,15.3,-0.1,0.1,0.0,-0.010,-8.7,-0.2,-8.9,-0.1,,maluakh01
424,Eric Gordon,37,PHI,SG,5,0,57,12.4,.808,.615,.000,1.8,1.9,1.9,7.5,2.5,0.0,18.8,11.7,0.1,0.0,0.1,.102,0.2,-0.2,0.0,0.0,,gordoer01
425,Kasparas Jakučionis,19,MIA,PG,4,1,57,10.1,.530,.579,.211,9.2,5.3,7.2,11.0,0.8,0.0,8.8,16.3,0.1,0.0,0.1,.084,-1.0,-0.6,-1.6,0.0,,jakucka01
426,Cody Martin,30,IND,SF,4,0,55,3.1,.277,.500,.600,1.8,26.1,13.4,4.7,3.5,3.3,24.0,12.7,-0.2,0.1,-0.1,-0.089,-10.0,2.1,-7.9,-0.1,,martico01
427,Bobi Klintman,22,DET,SF,6,0,53,4.2,.381,.524,.143,10.3,22.5,16.4,9.9,1.8,0.0,18.3,20.9,-0.2,0.1,-0.1,-0.059,-8.5,-2.0,-10.5,-0.1,,klintbo01
428,Antonio Reeves,25,CHO,SG,6,0,53,12.0,.656,.625,.000,2.2,8.6,5.4,5.5,0.9,0.0,0.0,12.6,0.1,0.0,0.1,.106,0.0,0.1,0.1,0.0,,reevean01
429,Jonathan Mogbo,24,TOR,PF,11,0,50,15.5,.523,.000,.083,13.5,20.1,16.8,15.8,1.0,6.0,7.4,11.5,0.1,0.1,0.2,.159,0.2,1.6,1.7,0.0,,mogbojo01
430,Matisse Thybulle,28,POR,SG,4,0,49,21.4,.850,.600,.400,0.0,9.0,4.4,8.5,9.6,0.0,7.8,10.4,0.2,0.1,0.3,.270,0.5,10.6,11.1,0.2,,thybuma01
431,AJ Johnson,21,WAS,SG,11,0,48,-2.1,.209,.200,.267,4.4,10.8,7.6,12.8,0.0,0.0,10.7,16.3,-0.2,0.0,-0.2,-0.213,-10.2,-5.1,-15.2,-0.2,,johnsaj01
432,Jeff Green,39,HOU,PF,10,0,48,12.4,.656,.750,.000,2.4,6.9,4.7,2.8,0.0,1.9,0.0,13.8,0.1,0.0,0.1,.148,1.3,-2.0,-0.7,0.0,,greenje02
433,James Wiseman,24,IND,C,3,1,47,4.4,.556,.000,.000,10.7,7.1,9.0,6.1,0.0,1.9,30.8,11.6,0.0,0.0,0.0,-0.025,-8.2,-1.4,-9.6,-0.1,,wisemja01
434,Hunter Tyson,25,DEN,PF,11,0,43,5.7,.318,.500,.111,5.5,29.9,18.4,8.3,1.1,0.0,0.0,18.9,-0.1,0.1,0.0,-0.031,-5.8,-2.7,-8.5,-0.1,,tysonhu01
435,Caleb Houstan,23,ATL,SF,8,0,43,11.8,.698,.769,.231,10.4,2.6,6.5,6.1,1.1,2.1,21.8,17.8,0.0,0.0,0.1,.061,-0.9,-2.8,-3.7,0.0,,houstca01
436,Wendell Moore Jr.,24,DET,SG,3,0,43,7.7,.500,.167,.000,2.5,7.6,5.1,8.4,2.2,2.3,14.3,6.6,0.0,0.1,0.1,.075,-3.9,1.4,-2.5,0.0,,moorewe01
437,Dario Šarić,31,SAC,C,5,0,41,0.7,.363,.500,.333,2.6,13.9,8.1,5.9,0.0,0.0,22.5,9.2,-0.1,0.0,-0.1,-0.077,-7.0,-2.1,-9.1,-0.1,,saricda01
438,Johni Broome,23,PHI,C,6,0,39,2.5,.230,.150,.200,16.2,19.6,17.9,13.8,2.5,0.0,8.4,25.4,-0.2,0.1,-0.1,-0.172,-10.3,-5.0,-15.2,-0.1,,broomjo01
439,Leonard Miller,22,MIN,SF,9,0,38,9.5,.528,.417,.417,2.9,28.6,15.9,14.8,2.5,0.0,22.0,20.2,-0.1,0.1,0.0,.024,-7.8,1.1,-6.7,0.0,,millele01
440,Anthony Gill,33,WAS,PF,11,0,37,12.9,.723,.200,.400,11.3,14.0,12.6,0.0,0.0,2.4,25.4,17.8,0.0,0.0,0.0,.019,-2.8,-3.9,-6.7,0.0,,gillan01
441,Joan Beringer,19,MIN,PF,9,0,37,16.2,.731,.000,.273,6.0,29.4,17.8,0.0,1.3,4.8,14.0,16.3,0.1,0.1,0.1,.158,-4.0,1.4,-2.7,0.0,,berinjo01
442,Trey Alexander,22,NOP,SG,3,0,37,14.8,.778,.333,.000,0.0,12.3,5.9,15.3,1.3,2.7,10.0,11.3,0.1,0.0,0.1,.133,0.8,0.5,1.3,0.0,,alexatr01
443,Jamal Cain,26,ORL,SF,6,0,36,0.2,.337,.545,.182,6.1,6.1,6.1,7.1,1.3,2.4,20.2,17.2,-0.1,0.0,-0.1,-0.116,-10.0,-2.7,-12.7,-0.1,,cainja01
444,Lachlan Olbrich,22,CHI,C,5,0,36,-0.8,.167,.500,.000,9.1,23.2,16.3,9.6,0.0,0.0,25.0,9.2,-0.1,0.0,-0.1,-0.085,-10.2,-1.5,-11.7,-0.1,,olbrila01
445,Tyson Etienne,26,BRK,PG,8,0,34,-1.2,.400,.867,.000,0.0,0.0,0.0,4.4,0.0,0.0,6.3,20.2,-0.1,0.0,-0.1,-0.126,-8.9,-5.4,-14.3,-0.1,,etienty01
446,Mac McClung,27,IND,SG,3,0,34,13.4,.481,.556,.222,0.0,13.0,6.2,4.9,7.0,2.6,9.2,26.8,-0.1,0.1,0.0,.011,-5.8,6.2,0.4,0.0,,mccluma01
447,Emanuel Miller,25,CHI,PF,5,0,33,15.1,.540,.462,.154,3.3,6.3,4.8,16.9,2.8,0.0,0.0,17.5,0.1,0.0,0.1,.109,1.7,0.7,2.4,0.0,,milleem01
448,Jahmyl Telfort,24,LAC,PF,8,0,32,-5.3,.087,1.000,1.000,0.0,10.7,5.4,3.9,1.5,0.0,14.8,9.3,-0.1,0.0,-0.1,-0.175,-12.3,-1.9,-14.2,-0.1,,telfoja01
449,E.J. Liddell,25,BRK,PF,7,0,32,11.6,.526,.667,.250,10.3,22.4,16.1,0.0,0.0,0.0,0.0,17.9,0.0,0.0,0.1,.078,-1.7,-4.3,-6.0,0.0,,liddeej01
450,Kyle Lowry,39,PHI,PG,4,0,32,7.7,.600,1.000,.000,0.0,6.8,3.3,19.9,1.5,0.0,16.7,7.8,0.0,0.0,0.1,.087,-4.1,-0.1,-4.2,0.0,,lowryky01
451,Seth Curry,35,GSW,SG,2,0,32,18.8,.778,.444,.000,3.4,10.1,6.8,14.7,3.0,0.0,0.0,11.8,0.1,0.0,0.2,.232,1.4,3.9,5.3,0.1,,curryse01
452,Amari Williams,24,BOS,PF,6,0,31,9.4,.521,.000,1.000,7.2,17.8,12.5,3.8,1.6,6.4,0.0,4.0,0.0,0.0,0.1,.123,-3.2,1.7,-1.5,0.0,,william01
453,Javonte Cooke,26,POR,SG,5,0,31,-0.7,.292,.417,.000,3.4,7.2,5.2,21.7,1.5,0.0,25.0,20.6,-0.1,0.0,-0.1,-0.205,-8.8,-3.6,-12.4,-0.1,,cookeja01
454,Charles Bassey,25,MEM,C,2,0,31,12.7,.376,.000,.375,23.9,27.3,25.6,8.6,1.5,3.1,9.7,13.8,0.0,0.1,0.1,.089,-3.3,-0.9,-4.2,0.0,,bassech01
455,Jalen Green,23,PHO,SG,2,2,30,29.1,.615,.609,.217,7.4,7.7,7.6,26.9,3.2,0.0,7.4,38.0,0.1,0.0,0.1,.193,10.8,0.6,11.5,0.1,,greenja05
456,Trey Jemison,26,NYK,C,4,0,29,8.2,1.025,.000,.500,14.9,15.5,15.2,4.1,0.0,3.5,55.1,7.9,0.0,0.0,0.0,.056,-5.8,-1.2,-6.9,0.0,,jemistr01
457,PJ Hall,23,MEM,C,7,0,27,19.0,.630,.333,.333,11.8,23.5,17.6,11.2,0.0,7.0,8.8,17.3,0.1,0.0,0.1,.174,1.6,0.2,1.8,0.0,,hallpj01
458,Pete Nance,25,MIL,PF,7,0,27,18.9,.643,.643,.000,4.3,25.1,14.8,6.1,0.0,0.0,6.7,24.5,0.0,0.0,0.0,.080,6.0,-3.4,2.6,0.0,,nancepe01
459,Mark Sears,23,MIL,PG,7,0,26,15.1,.666,.615,.615,4.5,4.4,4.4,12.2,0.0,0.0,19.5,34.8,0.0,0.0,0.0,.019,2.2,-4.6,-2.4,0.0,,searsma01
460,Myron Gardner,24,MIA,SF,5,0,26,14.6,.917,.833,.000,4.0,11.6,7.9,10.2,1.8,0.0,0.0,9.4,0.1,0.0,0.1,.234,-0.8,3.2,2.4,0.0,,gardnmy01
461,Thanasis Antetokounmpo,33,MIL,SF,10,0,25,27.8,.694,.000,1.000,9.3,9.1,9.2,0.0,5.8,11.8,7.2,24.6,0.1,0.1,0.1,.274,0.0,5.7,5.7,0.0,,antetth01
462,Pacome Dadiet,20,NYK,SG,10,0,25,6.2,.291,.500,.333,0.0,22.5,11.0,13.9,2.0,0.0,0.0,11.6,0.0,0.0,0.0,.024,-6.3,0.5,-5.8,0.0,,dadiepa01
463,Hunter Sallis,22,PHI,SG,6,0,25,2.1,.595,.000,.400,0.0,4.4,2.1,22.0,0.0,3.6,46.0,18.2,-0.1,0.0,-0.1,-0.145,-7.6,-3.0,-10.5,-0.1,,sallihu01
464,Jahmir Young,25,MIA,PG,5,0,24,6.4,.455,.455,.000,0.0,8.4,4.3,22.5,1.9,0.0,15.4,22.2,0.0,0.0,0.0,-0.043,-6.6,-1.1,-7.6,0.0,,youngja05
465,Joe Ingles,38,MIN,SF,8,0,23,5.2,.000,1.000,.000,0.0,0.0,0.0,30.1,2.1,0.0,0.0,3.7,0.0,0.0,0.0,.063,-3.3,1.9,-1.4,0.0,,inglejo01
466,Garrett Temple,39,TOR,SG,7,0,23,6.1,.340,.800,.400,0.0,14.6,7.3,10.4,4.2,4.3,14.5,12.7,0.0,0.0,0.0,-0.003,-6.9,3.4,-3.5,0.0,,templga01
467,DeAndre Jordan,37,NOP,C,2,1,23,18.4,.765,.000,.400,18.5,29.6,23.9,0.0,0.0,0.0,14.5,12.5,0.1,0.0,0.1,.141,2.0,-2.8,-0.7,0.0,,jordade01
468,Johnny Juzang,24,MIN,SG,8,0,22,4.5,.455,.778,.222,5.0,9.9,7.5,6.2,0.0,0.0,9.2,20.9,0.0,0.0,0.0,-0.031,-5.7,-3.8,-9.5,0.0,,juzanjo01
469,Orlando Robinson,25,ORL,C,3,1,22,14.8,.700,.400,.000,10.0,5.0,7.5,12.5,2.2,0.0,0.0,9.5,0.1,0.0,0.1,.198,0.5,0.1,0.6,0.0,,robinor01
470,Tolu Smith,25,DET,PF,2,0,22,36.2,.767,.000,.875,19.9,34.5,27.2,14.6,2.2,4.5,8.3,22.3,0.1,0.1,0.2,.413,9.7,3.6,13.3,0.1,,smithto05
471,Jahmai Mashack,23,MEM,SG,5,0,21,2.5,.429,.714,.000,0.0,25.2,12.6,12.7,2.3,0.0,30.0,19.7,-0.1,0.0,-0.1,-0.128,-8.6,-0.2,-8.9,0.0,,mashaja01
472,Ron Harper Jr.,25,BOS,SF,4,0,20,16.5,.400,.800,.000,5.6,11.0,8.3,27.1,2.5,10.0,0.0,21.6,0.0,0.0,0.1,.125,1.9,3.1,5.0,0.0,,harpero02
473,Brandon Clarke,29,MEM,PF,2,2,20,12.4,.372,.000,.444,21.2,10.6,15.9,7.2,4.7,0.0,0.0,22.3,0.0,0.0,0.0,.065,-4.7,0.4,-4.3,0.0,,clarkbr01
474,Marcus Sasser,25,DET,PG,4,0,19,15.3,.583,.500,.000,0.0,17.1,8.6,49.9,0.0,0.0,14.3,15.0,0.1,0.0,0.1,.196,-0.8,0.6,-0.2,0.0,,sassema01
475,Isaac Jones,25,2TM,PF,4,1,18,7.2,.512,.500,.500,12.0,0.0,6.2,7.0,0.0,0.0,0.0,11.3,0.0,0.0,0.0,.075,-6.2,-2.2,-8.4,0.0,,jonesis01
475,Isaac Jones,25,SAC,PF,3,1,17,5.6,.521,.500,1.000,12.7,0.0,6.5,7.4,0.0,0.0,0.0,7.2,0.0,0.0,0.0,.066,-6.4,-1.8,-8.2,0.0,,jonesis01
475,Isaac Jones,25,DET,PF,1,0,1,34.6,.500,.500,.000,0.0,0.0,0.0,0.0,0.0,0.0,0.0,81.2,0.0,0.0,0.0,.236,-2.5,-10.1,-12.6,0.0,,jonesis01
476,Jacob Toppin,25,ATL,SF,5,0,17,15.2,.667,.000,.000,0.0,6.5,3.3,8.8,0.0,5.4,0.0,14.8,0.0,0.0,0.0,.111,-0.3,0.0,-0.3,0.0,,toppija01
477,Chris Livingston,22,CLE,SF,3,0,17,15.5,.605,.429,.143,0.0,19.6,9.5,9.1,2.8,0.0,0.0,18.1,0.0,0.0,0.1,.162,-4.9,1.7,-3.2,0.0,,livinch01
478,A.J. Lawson,25,TOR,SG,2,0,16,19.3,.551,.400,.200,7.0,27.9,17.5,0.0,0.0,12.4,0.0,29.0,0.0,0.0,0.1,.163,0.2,2.3,2.5,0.0,,lawsoaj01
479,Christian Koloko,25,2TM,C,3,0,16,3.7,,,,0.0,13.7,7.0,7.4,0.0,5.9,,0.0,0.0,0.0,0.0,.067,-5.3,2.3,-3.0,0.0,,kolokch01
479,Christian Koloko,25,LAL,C,2,0,6,-0.3,,,,0.0,18.9,9.7,0.0,0.0,0.0,,0.0,0.0,0.0,0.0,.018,-6.6,-1.6,-8.2,0.0,,kolokch01
479,Christian Koloko,25,MEM,C,1,0,10,6.2,,,,0.0,10.6,5.3,11.8,0.0,9.5,,0.0,0.0,0.0,0.0,.096,-4.5,4.6,0.1,0.0,,kolokch01
480,N'Faly Dante,24,ATL,C,4,0,15,12.5,.338,.000,.250,22.3,29.5,25.9,0.0,6.3,0.0,18.4,15.2,0.0,0.0,0.0,.038,-3.9,-1.4,-5.2,0.0,,nfalyda01
481,Daeqwon Plowden,27,SAC,SG,1,0,14,-0.1,.200,.600,.000,15.4,0.0,7.9,0.0,0.0,0.0,0.0,15.2,0.0,0.0,-0.1,-0.173,-7.3,-5.7,-13.0,0.0,,plowdda01
482,Chucky Hepburn,22,TOR,PG,2,0,13,-13.5,.000,.833,.000,0.0,8.6,4.3,17.5,3.7,0.0,14.3,22.9,-0.1,0.0,-0.1,-0.441,-21.1,-2.9,-24.1,-0.1,,hepbuch01
483,Harrison Ingram,23,SAS,SF,3,0,11,20.5,.833,.333,.000,30.2,0.0,14.9,0.0,0.0,0.0,0.0,11.4,0.1,0.0,0.1,.278,7.6,-2.6,5.0,0.0,,ingraha01
484,Miles Kelly,23,DAL,PG,2,0,11,2.8,.500,.500,.000,9.8,28.1,19.1,0.0,0.0,0.0,33.3,11.5,0.0,0.0,0.0,-0.029,-9.2,0.5,-8.8,0.0,,kellymi02
485,Doug McDermott,34,SAC,SF,2,0,11,7.0,.750,1.000,.000,0.0,0.0,0.0,0.0,0.0,0.0,20.0,19.3,0.0,0.0,0.0,-0.032,-2.3,-3.1,-5.4,0.0,,mcderdo01
486,Sharife Cooper,24,WAS,PG,4,0,10,-9.8,.000,1.000,.000,0.0,0.0,0.0,0.0,0.0,0.0,50.0,8.4,0.0,0.0,-0.1,-0.279,-14.2,-5.8,-20.0,0.0,,coopesh01
487,Riley Minix,25,SAS,SF,3,0,8,45.5,.750,.500,.000,13.8,13.5,13.7,32.0,6.0,0.0,0.0,31.4,0.1,0.0,0.1,.422,18.0,7.1,25.1,0.1,,minixri01
488,Koby Brea,23,PHO,SG,2,0,8,18.4,.515,.667,.667,0.0,14.5,7.1,33.9,0.0,0.0,0.0,20.3,0.0,0.0,0.0,.191,-0.6,-2.4,-3.0,0.0,,breako01
489,Drew Timme,25,LAL,PF,2,0,8,27.5,.500,.500,.000,15.1,14.1,14.6,50.3,6.0,0.0,0.0,10.8,0.0,0.0,0.1,.317,8.7,7.5,16.2,0.0,,timmedr01
490,Tosan Evbuomwan,24,NYK,SF,4,0,7,-0.3,.000,.000,.000,15.4,16.1,15.7,0.0,0.0,0.0,0.0,6.0,0.0,0.0,0.0,-0.034,-8.4,-3.6,-12.0,0.0,,evbuoto01
491,Chris Mañon,24,LAL,SG,2,0,7,-0.6,.000,1.000,.000,0.0,32.3,16.7,0.0,0.0,13.9,0.0,6.2,0.0,0.0,0.0,-0.059,-11.9,2.4,-9.5,0.0,,manonch01
492,Alijah Martin,24,TOR,SG,2,0,7,1.8,.000,.000,.000,0.0,0.0,0.0,0.0,6.9,0.0,0.0,6.1,0.0,0.0,0.0,-0.050,-9.1,4.2,-4.9,0.0,,martial01
493,Colby Jones,23,DET,SG,1,0,7,13.1,.333,.667,.000,0.0,62.0,31.1,37.9,0.0,0.0,0.0,17.4,0.0,0.0,0.0,.126,-3.4,5.3,1.9,0.0,,jonesco02
494,Noa Essengue,19,CHI,PF,2,0,6,-11.9,.000,.667,.000,0.0,0.0,0.0,0.0,7.8,0.0,0.0,20.8,-0.1,0.0,-0.1,-0.415,-20.8,-3.4,-24.2,0.0,,essenno01
495,Trentyn Flowers,20,CHI,SF,2,0,6,16.8,.667,.333,.000,18.1,0.0,8.9,29.6,0.0,0.0,25.0,27.7,0.0,0.0,0.0,.022,1.9,-3.2,-1.2,0.0,,flowetr01
496,Isaiah Crawford,24,HOU,SF,2,0,5,-7.4,.000,1.000,.000,0.0,0.0,0.0,0.0,0.0,0.0,0.0,8.3,0.0,0.0,0.0,-0.164,-10.5,-6.3,-16.7,0.0,,crawfis01
497,Hunter Dickinson,25,NOP,C,1,0,5,-11.0,.500,.000,.000,0.0,0.0,0.0,0.0,0.0,19.8,50.0,33.4,-0.1,0.0,-0.1,-0.522,-26.6,0.5,-26.1,0.0,,dickihu01
498,DaRon Holmes,23,DEN,PF,2,0,4,24.7,1.500,1.000,.000,0.0,0.0,0.0,0.0,0.0,0.0,0.0,10.7,0.0,0.0,0.0,.196,11.0,0.5,11.6,0.0,,holmeda01
499,Curtis Jones,24,DEN,SG,2,0,3,15.7,.333,.333,.000,39.7,35.7,37.6,0.0,0.0,0.0,0.0,43.0,0.0,0.0,0.0,-0.111,-10.7,-13.0,-23.7,0.0,,jonescu01
500,Kevin McCullar Jr.,24,NYK,SF,2,0,1,127.9,1.500,1.000,.000,0.0,100.0,55.1,0.0,0.0,0.0,0.0,42.0,0.0,0.0,0.1,2.501,67.2,17.0,84.2,0.0,,mcculke01
501,Vladislav Goldin,24,MIA,C,1,0,1,27.5,,,,0.0,0.0,0.0,100.0,0.0,0.0,,0.0,0.0,0.0,0.0,.398,17.6,26.3,43.9,0.0,,goldivl01
502,Kam Jones,23,IND,SG,1,0,1,70.5,1.000,.000,.000,0.0,0.0,0.0,0.0,0.0,0.0,0.0,41.9,0.0,0.0,0.0,1.113,50.2,16.3,66.6,0.0,,joneska03
,League Average,,,,,,,,.581,.414,.277,5.2,14.7,10.0,16.2,1.7,1.8,12.4,19.9,,,,,,,,,,-9999